"module name","license","repository"
"@ampproject/remapping@1.1.1","Apache-2.0","https://github.com/ampproject/remapping"
"@angular-devkit/architect@0.1302.2","MIT","https://github.com/angular/angular-cli"
"@angular-devkit/build-angular@13.2.2","MIT","https://github.com/angular/angular-cli"
"@angular-devkit/build-webpack@0.1302.2","MIT","https://github.com/angular/angular-cli"
"@angular-devkit/core@13.2.2","MIT","https://github.com/angular/angular-cli"
"@angular-devkit/core@8.3.29","MIT","https://github.com/angular/angular-cli"
"@angular-devkit/schematics@13.2.2","MIT","https://github.com/angular/angular-cli"
"@angular-devkit/schematics@8.3.29","MIT","https://github.com/angular/angular-cli"
"@angular-eslint/builder@13.0.1","MIT","https://github.com/angular-eslint/angular-eslint"
"@angular-eslint/bundled-angular-compiler@13.0.1","MIT","https://github.com/angular-eslint/angular-eslint"
"@angular-eslint/eslint-plugin-template@13.0.1","MIT","https://github.com/angular-eslint/angular-eslint"
"@angular-eslint/eslint-plugin@13.0.1","MIT","https://github.com/angular-eslint/angular-eslint"
"@angular-eslint/schematics@13.0.1","MIT","https://github.com/angular-eslint/angular-eslint"
"@angular-eslint/template-parser@13.0.1","MIT","https://github.com/angular-eslint/angular-eslint"
"@angular-eslint/utils@13.0.1","MIT",""
"@angular/animations@13.2.2","MIT","https://github.com/angular/angular"
"@angular/cdk@13.2.1","MIT","https://github.com/angular/components"
"@angular/cli@13.2.2","MIT","https://github.com/angular/angular-cli"
"@angular/common@13.2.2","MIT","https://github.com/angular/angular"
"@angular/compiler-cli@13.2.2","MIT","https://github.com/angular/angular"
"@angular/compiler@13.2.2","MIT","https://github.com/angular/angular"
"@angular/core@13.2.2","MIT","https://github.com/angular/angular"
"@angular/flex-layout@13.0.0-beta.38","MIT","https://github.com/angular/flex-layout"
"@angular/forms@13.2.2","MIT","https://github.com/angular/angular"
"@angular/language-service@13.2.2","MIT","https://github.com/angular/angular"
"@angular/material@13.2.1","MIT","https://github.com/angular/components"
"@angular/platform-browser-dynamic@13.2.2","MIT","https://github.com/angular/angular"
"@angular/platform-browser@13.2.2","MIT","https://github.com/angular/angular"
"@angular/router@13.2.2","MIT","https://github.com/angular/angular"
"@assemblyscript/loader@0.10.1","Apache-2.0","https://github.com/AssemblyScript/assemblyscript"
"@babel/code-frame@7.16.7","MIT","https://github.com/babel/babel"
"@babel/compat-data@7.17.0","MIT","https://github.com/babel/babel"
"@babel/core@7.16.12","MIT","https://github.com/babel/babel"
"@babel/generator@7.16.8","MIT","https://github.com/babel/babel"
"@babel/generator@7.17.0","MIT","https://github.com/babel/babel"
"@babel/helper-annotate-as-pure@7.16.7","MIT","https://github.com/babel/babel"
"@babel/helper-builder-binary-assignment-operator-visitor@7.16.7","MIT","https://github.com/babel/babel"
"@babel/helper-compilation-targets@7.16.7","MIT","https://github.com/babel/babel"
"@babel/helper-create-class-features-plugin@7.17.1","MIT","https://github.com/babel/babel"
"@babel/helper-create-regexp-features-plugin@7.17.0","MIT","https://github.com/babel/babel"
"@babel/helper-define-polyfill-provider@0.3.1","MIT","https://github.com/babel/babel-polyfills"
"@babel/helper-environment-visitor@7.16.7","MIT","https://github.com/babel/babel"
"@babel/helper-explode-assignable-expression@7.16.7","MIT","https://github.com/babel/babel"
"@babel/helper-function-name@7.16.7","MIT","https://github.com/babel/babel"
"@babel/helper-get-function-arity@7.16.7","MIT","https://github.com/babel/babel"
"@babel/helper-hoist-variables@7.16.7","MIT","https://github.com/babel/babel"
"@babel/helper-member-expression-to-functions@7.16.7","MIT","https://github.com/babel/babel"
"@babel/helper-module-imports@7.16.7","MIT","https://github.com/babel/babel"
"@babel/helper-module-transforms@7.16.7","MIT","https://github.com/babel/babel"
"@babel/helper-optimise-call-expression@7.16.7","MIT","https://github.com/babel/babel"
"@babel/helper-plugin-utils@7.16.7","MIT","https://github.com/babel/babel"
"@babel/helper-remap-async-to-generator@7.16.8","MIT","https://github.com/babel/babel"
"@babel/helper-replace-supers@7.16.7","MIT","https://github.com/babel/babel"
"@babel/helper-simple-access@7.16.7","MIT","https://github.com/babel/babel"
"@babel/helper-skip-transparent-expression-wrappers@7.16.0","MIT","https://github.com/babel/babel"
"@babel/helper-split-export-declaration@7.16.7","MIT","https://github.com/babel/babel"
"@babel/helper-validator-identifier@7.16.7","MIT","https://github.com/babel/babel"
"@babel/helper-validator-option@7.16.7","MIT","https://github.com/babel/babel"
"@babel/helper-wrap-function@7.16.8","MIT","https://github.com/babel/babel"
"@babel/helpers@7.17.2","MIT","https://github.com/babel/babel"
"@babel/highlight@7.16.10","MIT","https://github.com/babel/babel"
"@babel/parser@7.17.0","MIT","https://github.com/babel/babel"
"@babel/plugin-bugfix-safari-id-destructuring-collision-in-function-expression@7.16.7","MIT","https://github.com/babel/babel"
"@babel/plugin-bugfix-v8-spread-parameters-in-optional-chaining@7.16.7","MIT","https://github.com/babel/babel"
"@babel/plugin-proposal-async-generator-functions@7.16.8","MIT","https://github.com/babel/babel"
"@babel/plugin-proposal-class-properties@7.16.7","MIT","https://github.com/babel/babel"
"@babel/plugin-proposal-class-static-block@7.16.7","MIT","https://github.com/babel/babel"
"@babel/plugin-proposal-dynamic-import@7.16.7","MIT","https://github.com/babel/babel"
"@babel/plugin-proposal-export-namespace-from@7.16.7","MIT","https://github.com/babel/babel"
"@babel/plugin-proposal-json-strings@7.16.7","MIT","https://github.com/babel/babel"
"@babel/plugin-proposal-logical-assignment-operators@7.16.7","MIT","https://github.com/babel/babel"
"@babel/plugin-proposal-nullish-coalescing-operator@7.16.7","MIT","https://github.com/babel/babel"
"@babel/plugin-proposal-numeric-separator@7.16.7","MIT","https://github.com/babel/babel"
"@babel/plugin-proposal-object-rest-spread@7.16.7","MIT","https://github.com/babel/babel"
"@babel/plugin-proposal-optional-catch-binding@7.16.7","MIT","https://github.com/babel/babel"
"@babel/plugin-proposal-optional-chaining@7.16.7","MIT","https://github.com/babel/babel"
"@babel/plugin-proposal-private-methods@7.16.11","MIT","https://github.com/babel/babel"
"@babel/plugin-proposal-private-property-in-object@7.16.7","MIT","https://github.com/babel/babel"
"@babel/plugin-proposal-unicode-property-regex@7.16.7","MIT","https://github.com/babel/babel"
"@babel/plugin-syntax-async-generators@7.8.4","MIT","https://github.com/babel/babel/tree/master/packages/babel-plugin-syntax-async-generators"
"@babel/plugin-syntax-class-properties@7.12.13","MIT","https://github.com/babel/babel"
"@babel/plugin-syntax-class-static-block@7.14.5","MIT","https://github.com/babel/babel"
"@babel/plugin-syntax-dynamic-import@7.8.3","MIT","https://github.com/babel/babel/tree/master/packages/babel-plugin-syntax-dynamic-import"
"@babel/plugin-syntax-export-namespace-from@7.8.3","MIT","https://github.com/babel/babel/tree/master/packages/babel-plugin-syntax-export-namespace-from"
"@babel/plugin-syntax-json-strings@7.8.3","MIT","https://github.com/babel/babel/tree/master/packages/babel-plugin-syntax-json-strings"
"@babel/plugin-syntax-logical-assignment-operators@7.10.4","MIT","https://github.com/babel/babel"
"@babel/plugin-syntax-nullish-coalescing-operator@7.8.3","MIT","https://github.com/babel/babel/tree/master/packages/babel-plugin-syntax-nullish-coalescing-operator"
"@babel/plugin-syntax-numeric-separator@7.10.4","MIT","https://github.com/babel/babel"
"@babel/plugin-syntax-object-rest-spread@7.8.3","MIT","https://github.com/babel/babel/tree/master/packages/babel-plugin-syntax-object-rest-spread"
"@babel/plugin-syntax-optional-catch-binding@7.8.3","MIT","https://github.com/babel/babel/tree/master/packages/babel-plugin-syntax-optional-catch-binding"
"@babel/plugin-syntax-optional-chaining@7.8.3","MIT","https://github.com/babel/babel/tree/master/packages/babel-plugin-syntax-optional-chaining"
"@babel/plugin-syntax-private-property-in-object@7.14.5","MIT","https://github.com/babel/babel"
"@babel/plugin-syntax-top-level-await@7.14.5","MIT","https://github.com/babel/babel"
"@babel/plugin-transform-arrow-functions@7.16.7","MIT","https://github.com/babel/babel"
"@babel/plugin-transform-async-to-generator@7.16.8","MIT","https://github.com/babel/babel"
"@babel/plugin-transform-block-scoped-functions@7.16.7","MIT","https://github.com/babel/babel"
"@babel/plugin-transform-block-scoping@7.16.7","MIT","https://github.com/babel/babel"
"@babel/plugin-transform-classes@7.16.7","MIT","https://github.com/babel/babel"
"@babel/plugin-transform-computed-properties@7.16.7","MIT","https://github.com/babel/babel"
"@babel/plugin-transform-destructuring@7.16.7","MIT","https://github.com/babel/babel"
"@babel/plugin-transform-dotall-regex@7.16.7","MIT","https://github.com/babel/babel"
"@babel/plugin-transform-duplicate-keys@7.16.7","MIT","https://github.com/babel/babel"
"@babel/plugin-transform-exponentiation-operator@7.16.7","MIT","https://github.com/babel/babel"
"@babel/plugin-transform-for-of@7.16.7","MIT","https://github.com/babel/babel"
"@babel/plugin-transform-function-name@7.16.7","MIT","https://github.com/babel/babel"
"@babel/plugin-transform-literals@7.16.7","MIT","https://github.com/babel/babel"
"@babel/plugin-transform-member-expression-literals@7.16.7","MIT","https://github.com/babel/babel"
"@babel/plugin-transform-modules-amd@7.16.7","MIT","https://github.com/babel/babel"
"@babel/plugin-transform-modules-commonjs@7.16.8","MIT","https://github.com/babel/babel"
"@babel/plugin-transform-modules-systemjs@7.16.7","MIT","https://github.com/babel/babel"
"@babel/plugin-transform-modules-umd@7.16.7","MIT","https://github.com/babel/babel"
"@babel/plugin-transform-named-capturing-groups-regex@7.16.8","MIT","https://github.com/babel/babel"
"@babel/plugin-transform-new-target@7.16.7","MIT","https://github.com/babel/babel"
"@babel/plugin-transform-object-super@7.16.7","MIT","https://github.com/babel/babel"
"@babel/plugin-transform-parameters@7.16.7","MIT","https://github.com/babel/babel"
"@babel/plugin-transform-property-literals@7.16.7","MIT","https://github.com/babel/babel"
"@babel/plugin-transform-regenerator@7.16.7","MIT","https://github.com/babel/babel"
"@babel/plugin-transform-reserved-words@7.16.7","MIT","https://github.com/babel/babel"
"@babel/plugin-transform-runtime@7.16.10","MIT","https://github.com/babel/babel"
"@babel/plugin-transform-shorthand-properties@7.16.7","MIT","https://github.com/babel/babel"
"@babel/plugin-transform-spread@7.16.7","MIT","https://github.com/babel/babel"
"@babel/plugin-transform-sticky-regex@7.16.7","MIT","https://github.com/babel/babel"
"@babel/plugin-transform-template-literals@7.16.7","MIT","https://github.com/babel/babel"
"@babel/plugin-transform-typeof-symbol@7.16.7","MIT","https://github.com/babel/babel"
"@babel/plugin-transform-unicode-escapes@7.16.7","MIT","https://github.com/babel/babel"
"@babel/plugin-transform-unicode-regex@7.16.7","MIT","https://github.com/babel/babel"
"@babel/preset-env@7.16.11","MIT","https://github.com/babel/babel"
"@babel/preset-modules@0.1.5","MIT","https://github.com/babel/preset-modules"
"@babel/runtime-corejs3@7.17.2","MIT","https://github.com/babel/babel"
"@babel/runtime@7.16.7","MIT","https://github.com/babel/babel"
"@babel/template@7.16.7","MIT","https://github.com/babel/babel"
"@babel/traverse@7.17.0","MIT","https://github.com/babel/babel"
"@babel/types@7.17.0","MIT","https://github.com/babel/babel"
"@cspotcode/source-map-consumer@0.8.0","BSD-3-Clause","https://github.com/cspotcode/source-map"
"@cspotcode/source-map-support@0.7.0","MIT","https://github.com/cspotcode/node-source-map-support"
"@cypress/request@2.88.10","Apache-2.0","https://github.com/cypress-io/request"
"@cypress/xvfb@1.2.4","MIT","https://github.com/cypress-io/xvfb"
"@datorama/akita-ngdevtools@6.0.1","Apache-2.0","https://github.com/datorama/akita"
"@datorama/akita@6.2.4","Apache-2.0","https://github.com/datorama/akita"
"@discoveryjs/json-ext@0.5.6","MIT","https://github.com/discoveryjs/json-ext"
"@eslint/eslintrc@1.0.5","MIT","https://github.com/eslint/eslintrc"
"@fortawesome/angular-fontawesome@0.10.1","MIT","https://github.com/FortAwesome/angular-fontawesome"
"@fortawesome/fontawesome-common-types@0.3.0","MIT","https://github.com/FortAwesome/Font-Awesome"
"@fortawesome/fontawesome-svg-core@1.3.0","MIT","https://github.com/FortAwesome/Font-Awesome"
"@fortawesome/free-brands-svg-icons@6.0.0","(CC-BY-4.0 AND MIT)","https://github.com/FortAwesome/Font-Awesome"
"@fortawesome/free-solid-svg-icons@6.0.0","(CC-BY-4.0 AND MIT)","https://github.com/FortAwesome/Font-Awesome"
"@gar/promisify@1.1.2","MIT","https://github.com/wraithgar/gar-promisify"
"@humanwhocodes/config-array@0.9.3","Apache-2.0","https://github.com/humanwhocodes/config-array"
"@humanwhocodes/object-schema@1.2.1","BSD-3-Clause","https://github.com/humanwhocodes/object-schema"
"@istanbuljs/load-nyc-config@1.1.0","ISC","https://github.com/istanbuljs/load-nyc-config"
"@istanbuljs/schema@0.1.3","MIT","https://github.com/istanbuljs/schema"
"@jridgewell/resolve-uri@3.0.4","MIT","https://github.com/jridgewell/resolve-uri"
"@material-extended/mde@3.0.3","MIT","https://github.com/material-extended/mde"
"@ngneat/forms-manager@2.5.0","MIT",""
"@ngtools/webpack@13.2.2","MIT","https://github.com/angular/angular-cli"
"@ngx-lite/json-ld@0.6.4","MIT","https://github.com/coryrylan/ngx-json-ld"
"@nodelib/fs.scandir@2.1.5","MIT","https://github.com/nodelib/nodelib/tree/master/packages/fs/fs.scandir"
"@nodelib/fs.stat@2.0.5","MIT","https://github.com/nodelib/nodelib/tree/master/packages/fs/fs.stat"
"@nodelib/fs.walk@1.2.8","MIT","https://github.com/nodelib/nodelib/tree/master/packages/fs/fs.walk"
"@npmcli/fs@1.1.0","ISC",""
"@npmcli/git@2.1.0","ISC","https://github.com/npm/git"
"@npmcli/installed-package-contents@1.0.7","ISC","https://github.com/npm/installed-package-contents"
"@npmcli/move-file@1.1.2","MIT","https://github.com/npm/move-file"
"@npmcli/node-gyp@1.0.3","ISC","https://github.com/npm/node-gyp"
"@npmcli/promise-spawn@1.3.2","ISC","https://github.com/npm/promise-spawn"
"@npmcli/run-script@2.0.0","ISC","https://github.com/npm/run-script"
"@nrwl/cli@13.8.0","MIT","https://github.com/nrwl/nx"
"@nrwl/devkit@13.1.3","MIT","https://github.com/nrwl/nx"
"@nrwl/tao@13.1.3","MIT","https://github.com/nrwl/nx"
"@nrwl/tao@13.8.0","MIT","https://github.com/nrwl/nx"
"@popperjs/core@2.11.2","MIT","https://github.com/popperjs/popper-core"
"@schematics/angular@13.2.2","MIT","https://github.com/angular/angular-cli"
"@schematics/angular@8.3.29","MIT","https://github.com/angular/angular-cli"
"@schematics/update@0.803.29","MIT","https://github.com/angular/angular-cli"
"@socket.io/base64-arraybuffer@1.0.2","MIT","https://github.com/socketio/base64-arraybuffer"
"@tootallnate/once@1.1.2","MIT","https://github.com/TooTallNate/once"
"@tootallnate/once@2.0.0","MIT","https://github.com/TooTallNate/once"
"@tsconfig/node10@1.0.8","MIT","https://github.com/tsconfig/bases"
"@tsconfig/node12@1.0.9","MIT","https://github.com/tsconfig/bases"
"@tsconfig/node14@1.0.1","MIT","https://github.com/tsconfig/bases"
"@tsconfig/node16@1.0.2","MIT","https://github.com/tsconfig/bases"
"@types/body-parser@1.19.2","MIT","https://github.com/DefinitelyTyped/DefinitelyTyped"
"@types/bonjour@3.5.10","MIT","https://github.com/DefinitelyTyped/DefinitelyTyped"
"@types/component-emitter@1.2.11","MIT","https://github.com/DefinitelyTyped/DefinitelyTyped"
"@types/connect-history-api-fallback@1.3.5","MIT","https://github.com/DefinitelyTyped/DefinitelyTyped"
"@types/connect@3.4.35","MIT","https://github.com/DefinitelyTyped/DefinitelyTyped"
"@types/cookie@0.4.1","MIT","https://github.com/DefinitelyTyped/DefinitelyTyped"
"@types/cors@2.8.12","MIT","https://github.com/DefinitelyTyped/DefinitelyTyped"
"@types/cytoscape@3.19.4","MIT","https://github.com/DefinitelyTyped/DefinitelyTyped"
"@types/elasticsearch@5.0.40","MIT","https://github.com/DefinitelyTyped/DefinitelyTyped"
"@types/eslint-scope@3.7.3","MIT","https://github.com/DefinitelyTyped/DefinitelyTyped"
"@types/eslint@8.4.1","MIT","https://github.com/DefinitelyTyped/DefinitelyTyped"
"@types/estree@0.0.50","MIT","https://github.com/DefinitelyTyped/DefinitelyTyped"
"@types/express-serve-static-core@4.17.28","MIT","https://github.com/DefinitelyTyped/DefinitelyTyped"
"@types/express@4.17.13","MIT","https://github.com/DefinitelyTyped/DefinitelyTyped"
"@types/http-proxy@1.17.8","MIT","https://github.com/DefinitelyTyped/DefinitelyTyped"
"@types/jasmine@3.10.3","MIT","https://github.com/DefinitelyTyped/DefinitelyTyped"
"@types/jquery@3.5.13","MIT","https://github.com/DefinitelyTyped/DefinitelyTyped"
"@types/json-schema@7.0.9","MIT","https://github.com/DefinitelyTyped/DefinitelyTyped"
"@types/marked@4.0.2","MIT","https://github.com/DefinitelyTyped/DefinitelyTyped"
"@types/mime@1.3.2","MIT","https://github.com/DefinitelyTyped/DefinitelyTyped"
"@types/node@14.18.10","MIT","https://github.com/DefinitelyTyped/DefinitelyTyped"
"@types/node@15.14.9","MIT","https://github.com/DefinitelyTyped/DefinitelyTyped"
"@types/parse-json@4.0.0","MIT","https://github.com/DefinitelyTyped/DefinitelyTyped"
"@types/qs@6.9.7","MIT","https://github.com/DefinitelyTyped/DefinitelyTyped"
"@types/range-parser@1.2.4","MIT","https://github.com/DefinitelyTyped/DefinitelyTyped"
"@types/retry@0.12.1","MIT","https://github.com/DefinitelyTyped/DefinitelyTyped"
"@types/serve-index@1.9.1","MIT","https://github.com/DefinitelyTyped/DefinitelyTyped"
"@types/serve-static@1.13.10","MIT","https://github.com/DefinitelyTyped/DefinitelyTyped"
"@types/sinonjs__fake-timers@6.0.4","MIT","https://github.com/DefinitelyTyped/DefinitelyTyped"
"@types/sizzle@2.3.3","MIT","https://github.com/DefinitelyTyped/DefinitelyTyped"
"@types/sockjs@0.3.33","MIT","https://github.com/DefinitelyTyped/DefinitelyTyped"
"@types/ws@8.2.2","MIT","https://github.com/DefinitelyTyped/DefinitelyTyped"
"@types/yauzl@2.9.2","MIT","https://github.com/DefinitelyTyped/DefinitelyTyped"
"@typescript-eslint/eslint-plugin@5.3.0","MIT","https://github.com/typescript-eslint/typescript-eslint"
"@typescript-eslint/experimental-utils@5.3.0","MIT","https://github.com/typescript-eslint/typescript-eslint"
"@typescript-eslint/parser@5.3.0","BSD-2-Clause","https://github.com/typescript-eslint/typescript-eslint"
"@typescript-eslint/scope-manager@5.3.0","MIT","https://github.com/typescript-eslint/typescript-eslint"
"@typescript-eslint/types@5.3.0","MIT","https://github.com/typescript-eslint/typescript-eslint"
"@typescript-eslint/typescript-estree@5.3.0","BSD-2-Clause","https://github.com/typescript-eslint/typescript-eslint"
"@typescript-eslint/visitor-keys@5.3.0","MIT","https://github.com/typescript-eslint/typescript-eslint"
"@webassemblyjs/ast@1.11.1","MIT","https://github.com/xtuc/webassemblyjs"
"@webassemblyjs/floating-point-hex-parser@1.11.1","MIT","https://github.com/xtuc/webassemblyjs"
"@webassemblyjs/helper-api-error@1.11.1","MIT","https://github.com/xtuc/webassemblyjs"
"@webassemblyjs/helper-buffer@1.11.1","MIT","https://github.com/xtuc/webassemblyjs"
"@webassemblyjs/helper-numbers@1.11.1","MIT","https://github.com/xtuc/webassemblyjs"
"@webassemblyjs/helper-wasm-bytecode@1.11.1","MIT","https://github.com/xtuc/webassemblyjs"
"@webassemblyjs/helper-wasm-section@1.11.1","MIT","https://github.com/xtuc/webassemblyjs"
"@webassemblyjs/ieee754@1.11.1","MIT","https://github.com/xtuc/webassemblyjs"
"@webassemblyjs/leb128@1.11.1","Apache-2.0","https://github.com/xtuc/webassemblyjs"
"@webassemblyjs/utf8@1.11.1","MIT","https://github.com/xtuc/webassemblyjs"
"@webassemblyjs/wasm-edit@1.11.1","MIT","https://github.com/xtuc/webassemblyjs"
"@webassemblyjs/wasm-gen@1.11.1","MIT","https://github.com/xtuc/webassemblyjs"
"@webassemblyjs/wasm-opt@1.11.1","MIT","https://github.com/xtuc/webassemblyjs"
"@webassemblyjs/wasm-parser@1.11.1","MIT","https://github.com/xtuc/webassemblyjs"
"@webassemblyjs/wast-printer@1.11.1","MIT","https://github.com/xtuc/webassemblyjs"
"@xtuc/ieee754@1.2.0","BSD-3-Clause","https://github.com/feross/ieee754"
"@xtuc/long@4.2.2","Apache-2.0","https://github.com/dcodeIO/long.js"
"@yarnpkg/lockfile@1.1.0","BSD-2-Clause","https://github.com/yarnpkg/yarn/blob/master/packages/lockfile"
"JSONStream@1.3.5","(MIT OR Apache-2.0)","https://github.com/dominictarr/JSONStream"
"abab@2.0.5","BSD-3-Clause","https://github.com/jsdom/abab"
"abbrev@1.1.1","ISC","https://github.com/isaacs/abbrev-js"
"academicons@1.9.1","OFL-1.1","https://github.com/jpswalsh/academicons"
"accepts@1.3.8","MIT","https://github.com/jshttp/accepts"
"ace-builds@1.4.14","BSD-3-Clause","https://github.com/ajaxorg/ace-builds"
"acorn-import-assertions@1.8.0","MIT","https://github.com/xtuc/acorn-import-assertions"
"acorn-jsx@5.3.2","MIT","https://github.com/acornjs/acorn-jsx"
"acorn-walk@8.2.0","MIT","https://github.com/acornjs/acorn"
"acorn@8.7.0","MIT","https://github.com/acornjs/acorn"
"adjust-sourcemap-loader@4.0.0","MIT","https://github.com/bholloway/adjust-sourcemap-loader"
"agent-base@4.2.1","MIT","https://github.com/TooTallNate/node-agent-base"
"agent-base@4.3.0","MIT","https://github.com/TooTallNate/node-agent-base"
"agent-base@6.0.2","MIT","https://github.com/TooTallNate/node-agent-base"
"agentkeepalive@3.5.2","MIT","https://github.com/node-modules/agentkeepalive"
"agentkeepalive@4.2.0","MIT","https://github.com/node-modules/agentkeepalive"
"aggregate-error@3.1.0","MIT","https://github.com/sindresorhus/aggregate-error"
"ajv-formats@2.1.1","MIT","https://github.com/ajv-validator/ajv-formats"
"ajv-keywords@3.5.2","MIT","https://github.com/epoberezkin/ajv-keywords"
"ajv-keywords@5.1.0","MIT","https://github.com/epoberezkin/ajv-keywords"
"ajv@6.12.3","MIT","https://github.com/ajv-validator/ajv"
"ajv@6.12.6","MIT","https://github.com/ajv-validator/ajv"
"ajv@8.9.0","MIT","https://github.com/ajv-validator/ajv"
"angular-tag-cloud-module@6.0.1","MIT*",""
"ansi-colors@4.1.1","MIT","https://github.com/doowb/ansi-colors"
"ansi-escapes@4.3.2","MIT","https://github.com/sindresorhus/ansi-escapes"
"ansi-html-community@0.0.8","Apache-2.0","https://github.com/mahdyar/ansi-html-community"
"ansi-regex@5.0.1","MIT","https://github.com/chalk/ansi-regex"
"ansi-regex@6.0.1","MIT","https://github.com/chalk/ansi-regex"
"ansi-styles@3.2.1","MIT","https://github.com/chalk/ansi-styles"
"ansi-styles@4.3.0","MIT","https://github.com/chalk/ansi-styles"
"anymatch@3.1.2","ISC","https://github.com/micromatch/anymatch"
"aproba@1.2.0","ISC","https://github.com/iarna/aproba"
"aproba@2.0.0","ISC","https://github.com/iarna/aproba"
"arch@2.2.0","MIT","https://github.com/feross/arch"
"are-we-there-yet@2.0.0","ISC","https://github.com/npm/are-we-there-yet"
"arg@4.1.3","MIT","https://github.com/zeit/arg"
"argparse@1.0.10","MIT","https://github.com/nodeca/argparse"
"argparse@2.0.1","Python-2.0","https://github.com/nodeca/argparse"
"aria-query@4.2.2","Apache-2.0","https://github.com/A11yance/aria-query"
"array-find-index@1.0.2","MIT","https://github.com/sindresorhus/array-find-index"
"array-flatten@1.1.1","MIT","https://github.com/blakeembrey/array-flatten"
"array-flatten@2.1.2","MIT","https://github.com/blakeembrey/array-flatten"
"array-union@2.1.0","MIT","https://github.com/sindresorhus/array-union"
"array-union@3.0.1","MIT","https://github.com/sindresorhus/array-union"
"asap@2.0.6","MIT","https://github.com/kriskowal/asap"
"asn1@0.2.6","MIT","https://github.com/joyent/node-asn1"
"assert-plus@1.0.0","MIT","https://github.com/mcavage/node-assert-plus"
"astral-regex@2.0.0","MIT","https://github.com/kevva/astral-regex"
"async@0.9.2","MIT","https://github.com/caolan/async"
"async@2.6.3","MIT","https://github.com/caolan/async"
"async@3.2.3","MIT","https://github.com/caolan/async"
"asynckit@0.4.0","MIT","https://github.com/alexindigo/asynckit"
"at-least-node@1.0.0","ISC","https://github.com/RyanZim/at-least-node"
"atob@2.1.2","(MIT OR Apache-2.0)","git://git.coolaj86.com/coolaj86/atob.js"
"autoprefixer@10.4.2","MIT","https://github.com/postcss/autoprefixer"
"aws-sign2@0.7.0","Apache-2.0","https://github.com/mikeal/aws-sign"
"aws4@1.11.0","MIT","https://github.com/mhart/aws4"
"axobject-query@2.2.0","Apache-2.0","https://github.com/A11yance/axobject-query"
"babel-loader@8.2.3","MIT","https://github.com/babel/babel-loader"
"babel-plugin-dynamic-import-node@2.3.3","MIT","https://github.com/airbnb/babel-plugin-dynamic-import-node"
"babel-plugin-istanbul@6.1.1","BSD-3-Clause","https://github.com/istanbuljs/babel-plugin-istanbul"
"babel-plugin-polyfill-corejs2@0.3.1","MIT","https://github.com/babel/babel-polyfills"
"babel-plugin-polyfill-corejs3@0.5.2","MIT","https://github.com/babel/babel-polyfills"
"babel-plugin-polyfill-regenerator@0.3.1","MIT","https://github.com/babel/babel-polyfills"
"balanced-match@1.0.2","MIT","https://github.com/juliangruber/balanced-match"
"base64-js@1.5.1","MIT","https://github.com/beatgammit/base64-js"
"base64id@2.0.0","MIT","https://github.com/faeldt/base64id"
"batch@0.6.1","MIT","https://github.com/visionmedia/batch"
"bcrypt-pbkdf@1.0.2","BSD-3-Clause","https://github.com/joyent/node-bcrypt-pbkdf"
"big.js@5.2.2","MIT","https://github.com/MikeMcl/big.js"
"binary-extensions@2.2.0","MIT","https://github.com/sindresorhus/binary-extensions"
"bl@4.1.0","MIT","https://github.com/rvagg/bl"
"blob-util@2.0.2","Apache-2.0","https://github.com/nolanlawson/blob-util"
"bluebird@3.7.2","MIT","https://github.com/petkaantonov/bluebird"
"body-parser@1.19.1","MIT","https://github.com/expressjs/body-parser"
"bodybuilder@2.4.0","MIT","https://github.com/danpaz/bodybuilder"
"bonjour@3.5.0","MIT","https://github.com/watson/bonjour"
"boolbase@1.0.0","ISC","https://github.com/fb55/boolbase"
"bootstrap@3.4.1","MIT","https://github.com/twbs/bootstrap"
"brace-expansion@1.1.11","MIT","https://github.com/juliangruber/brace-expansion"
"braces@3.0.2","MIT","https://github.com/micromatch/braces"
"browserslist@4.19.1","MIT","https://github.com/browserslist/browserslist"
"buffer-crc32@0.2.13","MIT","https://github.com/brianloveswords/buffer-crc32"
"buffer-from@1.1.2","MIT","https://github.com/LinusU/buffer-from"
"buffer-indexof@1.1.1","MIT","https://github.com/soldair/node-buffer-indexof"
"buffer@5.7.1","MIT","https://github.com/feross/buffer"
"builtins@1.0.3","MIT","https://github.com/juliangruber/builtins"
"bytes@3.0.0","MIT","https://github.com/visionmedia/bytes.js"
"bytes@3.1.1","MIT","https://github.com/visionmedia/bytes.js"
"cacache@12.0.4","ISC","https://github.com/npm/cacache"
"cacache@15.3.0","ISC","https://github.com/npm/cacache"
"cachedir@2.3.0","MIT","https://github.com/LinusU/node-cachedir"
"call-bind@1.0.2","MIT","https://github.com/ljharb/call-bind"
"callsites@3.1.0","MIT","https://github.com/sindresorhus/callsites"
"camelcase@5.3.1","MIT","https://github.com/sindresorhus/camelcase"
"caniuse-lite@1.0.30001310","CC-BY-4.0","https://github.com/browserslist/caniuse-lite"
"caseless@0.12.0","Apache-2.0","https://github.com/mikeal/caseless"
"chalk@2.4.2","MIT","https://github.com/chalk/chalk"
"chalk@4.1.0","MIT","https://github.com/chalk/chalk"
"chalk@4.1.2","MIT","https://github.com/chalk/chalk"
"chardet@0.7.0","MIT","https://github.com/runk/node-chardet"
"check-more-types@2.24.0","MIT","https://github.com/kensho/check-more-types"
"chokidar@3.5.3","MIT","https://github.com/paulmillr/chokidar"
"chownr@1.1.4","ISC","https://github.com/isaacs/chownr"
"chownr@2.0.0","ISC","https://github.com/isaacs/chownr"
"chrome-trace-event@1.0.3","MIT","https://github.com/samccone/chrome-trace-event"
"ci-info@3.3.0","MIT","https://github.com/watson/ci-info"
"circular-dependency-plugin@5.2.2","ISC","https://github.com/aackerman/circular-dependency-plugin"
"clean-stack@2.2.0","MIT","https://github.com/sindresorhus/clean-stack"
"cli-cursor@3.1.0","MIT","https://github.com/sindresorhus/cli-cursor"
"cli-spinners@2.6.1","MIT","https://github.com/sindresorhus/cli-spinners"
"cli-table3@0.6.1","MIT","https://github.com/cli-table/cli-table3"
"cli-truncate@2.1.0","MIT","https://github.com/sindresorhus/cli-truncate"
"cli-width@3.0.0","ISC","https://github.com/knownasilya/cli-width"
"cliui@7.0.4","ISC","https://github.com/yargs/cliui"
"clone-deep@4.0.1","MIT","https://github.com/jonschlinkert/clone-deep"
"clone@1.0.4","MIT","https://github.com/pvorb/node-clone"
"color-convert@1.9.3","MIT","https://github.com/Qix-/color-convert"
"color-convert@2.0.1","MIT","https://github.com/Qix-/color-convert"
"color-name@1.1.3","MIT","https://github.com/dfcreative/color-name"
"color-name@1.1.4","MIT","https://github.com/colorjs/color-name"
"color-support@1.1.3","ISC","https://github.com/isaacs/color-support"
"colorette@1.4.0","MIT","https://github.com/jorgebucaran/colorette"
"colorette@2.0.16","MIT","https://github.com/jorgebucaran/colorette"
"colors@1.4.0","MIT","https://github.com/Marak/colors.js"
"combined-stream@1.0.8","MIT","https://github.com/felixge/node-combined-stream"
"commander@2.20.3","MIT","https://github.com/tj/commander.js"
"commander@5.1.0","MIT","https://github.com/tj/commander.js"
"commander@8.3.0","MIT","https://github.com/tj/commander.js"
"common-tags@1.8.2","MIT","https://github.com/zspecza/common-tags"
"commondir@1.0.1","MIT","https://github.com/substack/node-commondir"
"component-emitter@1.3.0","MIT","https://github.com/component/emitter"
"compressible@2.0.18","MIT","https://github.com/jshttp/compressible"
"compression@1.7.4","MIT","https://github.com/expressjs/compression"
"concat-map@0.0.1","MIT","https://github.com/substack/node-concat-map"
"concat-stream@1.6.2","MIT","https://github.com/maxogden/concat-stream"
"connect-history-api-fallback@1.6.0","MIT","https://github.com/bripkens/connect-history-api-fallback"
"connect@3.7.0","MIT","https://github.com/senchalabs/connect"
"console-control-strings@1.1.0","ISC","https://github.com/iarna/console-control-strings"
"content-disposition@0.5.4","MIT","https://github.com/jshttp/content-disposition"
"content-type@1.0.4","MIT","https://github.com/jshttp/content-type"
"convert-source-map@1.8.0","MIT","https://github.com/thlorenz/convert-source-map"
"cookie-signature@1.0.6","MIT","https://github.com/visionmedia/node-cookie-signature"
"cookie@0.4.1","MIT","https://github.com/jshttp/cookie"
"cookie@0.4.2","MIT","https://github.com/jshttp/cookie"
"copy-anything@2.0.6","MIT","https://github.com/mesqueeb/copy-anything"
"copy-concurrently@1.0.5","ISC","https://github.com/npm/copy-concurrently"
"copy-webpack-plugin@10.2.1","MIT","https://github.com/webpack-contrib/copy-webpack-plugin"
"core-js-compat@3.21.0","MIT","https://github.com/zloirock/core-js"
"core-js-pure@3.21.0","MIT","https://github.com/zloirock/core-js"
"core-js@3.20.3","MIT","https://github.com/zloirock/core-js"
"core-util-is@1.0.2","MIT","https://github.com/isaacs/core-util-is"
"cors@2.8.5","MIT","https://github.com/expressjs/cors"
"cosmiconfig@7.0.1","MIT","https://github.com/davidtheclark/cosmiconfig"
"create-require@1.1.1","MIT","https://github.com/nuxt-contrib/create-require"
"critters@0.0.16","Apache-2.0","https://github.com/GoogleChromeLabs/critters"
"cross-spawn@7.0.3","MIT","https://github.com/moxystudio/node-cross-spawn"
"css-blank-pseudo@3.0.3","CC0-1.0","https://github.com/csstools/postcss-plugins"
"css-has-pseudo@3.0.4","CC0-1.0","https://github.com/csstools/postcss-plugins"
"css-loader@6.5.1","MIT","https://github.com/webpack-contrib/css-loader"
"css-prefers-color-scheme@6.0.3","CC0-1.0","https://github.com/csstools/postcss-plugins"
"css-select@4.2.1","BSD-2-Clause","https://github.com/fb55/css-select"
"css-what@5.1.0","BSD-2-Clause","https://github.com/fb55/css-what"
"css@3.0.0","MIT","https://github.com/reworkcss/css"
"cssdb@5.1.0","CC0-1.0","https://github.com/csstools/cssdb"
"cssesc@3.0.0","MIT","https://github.com/mathiasbynens/cssesc"
"custom-event@1.0.1","MIT","https://github.com/webmodules/custom-event"
"cyclist@1.0.1","MIT","https://github.com/mafintosh/cyclist"
"cypress@8.7.0","MIT","https://github.com/cypress-io/cypress"
"cytoscape-dagre@2.4.0","MIT","https://github.com/cytoscape/cytoscape.js-dagre"
"cytoscape-popper@2.0.0","MIT","https://github.com/cytoscape/cytoscape.js-popper"
"cytoscape@3.21.0","MIT","https://github.com/cytoscape/cytoscape.js"
"dagre@0.8.5","MIT","https://github.com/dagrejs/dagre"
"dashdash@1.14.1","MIT","https://github.com/trentm/node-dashdash"
"date-format@4.0.3","MIT","https://github.com/nomiddlename/date-format"
"dayjs@1.10.7","MIT","https://github.com/iamkun/dayjs"
"debug@2.6.9","MIT","https://github.com/visionmedia/debug"
"debug@3.1.0","MIT","https://github.com/visionmedia/debug"
"debug@3.2.7","MIT","https://github.com/visionmedia/debug"
"debug@4.3.3","MIT","https://github.com/debug-js/debug"
"debuglog@1.0.1","MIT","https://github.com/sam-github/node-debuglog"
"decode-uri-component@0.2.0","MIT","https://github.com/SamVerschueren/decode-uri-component"
"deep-equal@1.1.1","MIT","https://github.com/substack/node-deep-equal"
"deep-is@0.1.4","MIT","https://github.com/thlorenz/deep-is"
"default-gateway@6.0.3","BSD-2-Clause","https://github.com/silverwind/default-gateway"
"defaults@1.0.3","MIT","https://github.com/tmpvar/defaults"
"define-lazy-prop@2.0.0","MIT","https://github.com/sindresorhus/define-lazy-prop"
"define-properties@1.1.3","MIT","https://github.com/ljharb/define-properties"
"del@6.0.0","MIT","https://github.com/sindresorhus/del"
"delayed-stream@1.0.0","MIT","https://github.com/felixge/node-delayed-stream"
"delegates@1.0.0","MIT","https://github.com/visionmedia/node-delegates"
"depd@1.1.2","MIT","https://github.com/dougwilson/nodejs-depd"
"dependency-graph@0.11.0","MIT","https://github.com/jriecken/dependency-graph"
"destroy@1.0.4","MIT","https://github.com/stream-utils/destroy"
"detect-node@2.1.0","MIT","https://github.com/iliakan/detect-node"
"dezalgo@1.0.3","ISC","https://github.com/npm/dezalgo"
"di@0.0.1","MIT","https://github.com/vojtajina/node-di"
"diff@4.0.2","BSD-3-Clause","https://github.com/kpdecker/jsdiff"
"dir-glob@3.0.1","MIT","https://github.com/kevva/dir-glob"
"dns-equal@1.0.0","MIT","https://github.com/watson/dns-equal"
"dns-packet@1.3.4","MIT","https://github.com/mafintosh/dns-packet"
"dns-txt@2.0.2","MIT","https://github.com/watson/dns-txt"
"doctrine@3.0.0","Apache-2.0","https://github.com/eslint/doctrine"
"dom-serialize@2.2.1","MIT","https://github.com/webmodules/dom-serialize"
"dom-serializer@1.3.2","MIT","https://github.com/cheeriojs/dom-renderer"
"domelementtype@2.2.0","BSD-2-Clause","https://github.com/fb55/domelementtype"
"domhandler@4.3.0","BSD-2-Clause","https://github.com/fb55/domhandler"
"dompurify@2.3.5","(MPL-2.0 OR Apache-2.0)","https://github.com/cure53/DOMPurify"
"domutils@2.8.0","BSD-2-Clause","https://github.com/fb55/domutils"
"duplexify@3.7.1","MIT","https://github.com/mafintosh/duplexify"
"ecc-jsbn@0.1.2","MIT","https://github.com/quartzjer/ecc-jsbn"
"ee-first@1.1.1","MIT","https://github.com/jonathanong/ee-first"
"ejs@3.1.6","Apache-2.0","https://github.com/mde/ejs"
"electron-to-chromium@1.4.67","ISC","https://github.com/kilian/electron-to-chromium"
"emoji-regex@8.0.0","MIT","https://github.com/mathiasbynens/emoji-regex"
"emoji-toolkit@6.6.0","MIT","https://github.com/joypixels/emoji-toolkit"
"emojis-list@3.0.0","MIT","https://github.com/kikobeats/emojis-list"
"encodeurl@1.0.2","MIT","https://github.com/pillarjs/encodeurl"
"encoding@0.1.13","MIT","https://github.com/andris9/encoding"
"end-of-stream@1.4.4","MIT","https://github.com/mafintosh/end-of-stream"
"engine.io-parser@5.0.3","MIT","https://github.com/socketio/engine.io-parser"
"engine.io@6.1.2","MIT","https://github.com/socketio/engine.io"
"enhanced-resolve@5.9.0","MIT","https://github.com/webpack/enhanced-resolve"
"enquirer@2.3.6","MIT","https://github.com/enquirer/enquirer"
"ent@2.2.0","MIT","https://github.com/substack/node-ent"
"entities@2.2.0","BSD-2-Clause","https://github.com/fb55/entities"
"env-paths@2.2.1","MIT","https://github.com/sindresorhus/env-paths"
"err-code@1.1.2","MIT","https://github.com/IndigoUnited/js-err-code"
"err-code@2.0.3","MIT","https://github.com/IndigoUnited/js-err-code"
"errno@0.1.8","MIT","https://github.com/rvagg/node-errno"
"error-ex@1.3.2","MIT","https://github.com/qix-/node-error-ex"
"es-module-lexer@0.9.3","MIT","https://github.com/guybedford/es-module-lexer"
"es6-promise@4.2.8","MIT","https://github.com/stefanpenner/es6-promise"
"es6-promisify@5.0.0","MIT","https://github.com/digitaldesignlabs/es6-promisify"
"esbuild-linux-64@0.14.14","MIT","https://github.com/evanw/esbuild"
"esbuild-wasm@0.14.14","MIT","https://github.com/evanw/esbuild"
"esbuild@0.14.14","MIT","https://github.com/evanw/esbuild"
"escalade@3.1.1","MIT","https://github.com/lukeed/escalade"
"escape-html@1.0.3","MIT","https://github.com/component/escape-html"
"escape-string-regexp@1.0.5","MIT","https://github.com/sindresorhus/escape-string-regexp"
"escape-string-regexp@4.0.0","MIT","https://github.com/sindresorhus/escape-string-regexp"
"eslint-scope@5.1.1","BSD-2-Clause","https://github.com/eslint/eslint-scope"
"eslint-scope@7.1.0","BSD-2-Clause","https://github.com/eslint/eslint-scope"
"eslint-utils@3.0.0","MIT","https://github.com/mysticatea/eslint-utils"
"eslint-visitor-keys@2.1.0","Apache-2.0","https://github.com/eslint/eslint-visitor-keys"
"eslint-visitor-keys@3.2.0","Apache-2.0","https://github.com/eslint/eslint-visitor-keys"
"eslint@8.8.0","MIT","https://github.com/eslint/eslint"
"espree@9.3.0","BSD-2-Clause","https://github.com/eslint/espree"
"esprima@4.0.1","BSD-2-Clause","https://github.com/jquery/esprima"
"esquery@1.4.0","BSD-3-Clause","https://github.com/estools/esquery"
"esrecurse@4.3.0","BSD-2-Clause","https://github.com/estools/esrecurse"
"estraverse@4.3.0","BSD-2-Clause","https://github.com/estools/estraverse"
"estraverse@5.3.0","BSD-2-Clause","https://github.com/estools/estraverse"
"esutils@2.0.3","BSD-2-Clause","https://github.com/estools/esutils"
"etag@1.8.1","MIT","https://github.com/jshttp/etag"
"eventemitter-asyncresource@1.0.0","MIT","https://github.com/addaleax/eventemitter-asyncresource"
"eventemitter2@6.4.5","MIT","https://github.com/hij1nx/EventEmitter2"
"eventemitter3@4.0.7","MIT","https://github.com/primus/eventemitter3"
"events@3.3.0","MIT","https://github.com/Gozala/events"
"execa@4.1.0","MIT","https://github.com/sindresorhus/execa"
"execa@5.1.1","MIT","https://github.com/sindresorhus/execa"
"executable@4.1.1","MIT","https://github.com/kevva/executable"
"express@4.17.2","MIT","https://github.com/expressjs/express"
"extend@3.0.2","MIT","https://github.com/justmoon/node-extend"
"external-editor@3.1.0","MIT","https://github.com/mrkmg/node-external-editor"
"extract-zip@2.0.1","BSD-2-Clause","https://github.com/maxogden/extract-zip"
"extsprintf@1.3.0","MIT","https://github.com/davepacheco/node-extsprintf"
"fast-deep-equal@3.1.3","MIT","https://github.com/epoberezkin/fast-deep-equal"
"fast-glob@3.2.11","MIT","https://github.com/mrmlnc/fast-glob"
"fast-glob@3.2.7","MIT","https://github.com/mrmlnc/fast-glob"
"fast-json-stable-stringify@2.0.0","MIT","https://github.com/epoberezkin/fast-json-stable-stringify"
"fast-json-stable-stringify@2.1.0","MIT","https://github.com/epoberezkin/fast-json-stable-stringify"
"fast-levenshtein@2.0.6","MIT","https://github.com/hiddentao/fast-levenshtein"
"fastq@1.13.0","ISC","https://github.com/mcollina/fastq"
"faye-websocket@0.11.4","Apache-2.0","https://github.com/faye/faye-websocket-node"
"fd-slicer@1.1.0","MIT","https://github.com/andrewrk/node-fd-slicer"
"figgy-pudding@3.5.2","ISC","https://github.com/npm/figgy-pudding"
"figures@3.2.0","MIT","https://github.com/sindresorhus/figures"
"file-entry-cache@6.0.1","MIT","https://github.com/royriojas/file-entry-cache"
"file-saver@2.0.5","MIT","https://github.com/eligrey/FileSaver.js"
"filelist@1.0.2","Apache-2.0","https://github.com/mde/filelist"
"fill-range@7.0.1","MIT","https://github.com/jonschlinkert/fill-range"
"finalhandler@1.1.2","MIT","https://github.com/pillarjs/finalhandler"
"find-cache-dir@3.3.2","MIT","https://github.com/avajs/find-cache-dir"
"find-up@4.1.0","MIT","https://github.com/sindresorhus/find-up"
"flat-cache@3.0.4","MIT","https://github.com/royriojas/flat-cache"
"flatted@3.2.5","ISC","https://github.com/WebReflection/flatted"
"flush-write-stream@1.1.1","MIT","https://github.com/mafintosh/flush-write-stream"
"follow-redirects@1.14.8","MIT","https://github.com/follow-redirects/follow-redirects"
"forever-agent@0.6.1","Apache-2.0","https://github.com/mikeal/forever-agent"
"form-data@2.3.3","MIT","https://github.com/form-data/form-data"
"forwarded@0.2.0","MIT","https://github.com/jshttp/forwarded"
"fraction.js@4.1.3","MIT","https://github.com/infusion/Fraction.js"
"fresh@0.5.2","MIT","https://github.com/jshttp/fresh"
"from2@2.3.0","MIT","https://github.com/hughsk/from2"
"fs-extra@10.0.0","MIT","https://github.com/jprichardson/node-fs-extra"
"fs-extra@9.1.0","MIT","https://github.com/jprichardson/node-fs-extra"
"fs-minipass@1.2.7","ISC","https://github.com/npm/fs-minipass"
"fs-minipass@2.1.0","ISC","https://github.com/npm/fs-minipass"
"fs-monkey@1.0.3","Unlicense","https://github.com/streamich/fs-monkey"
"fs-write-stream-atomic@1.0.10","ISC","https://github.com/npm/fs-write-stream-atomic"
"fs.realpath@1.0.0","ISC","https://github.com/isaacs/fs.realpath"
"function-bind@1.1.1","MIT","https://github.com/Raynos/function-bind"
"functional-red-black-tree@1.0.1","MIT","https://github.com/mikolalysenko/functional-red-black-tree"
"gauge@4.0.0","ISC","https://github.com/npm/gauge"
"genfun@5.0.0","MIT","https://github.com/zkat/genfun"
"gensync@1.0.0-beta.2","MIT","https://github.com/loganfsmyth/gensync"
"get-caller-file@2.0.5","ISC","https://github.com/stefanpenner/get-caller-file"
"get-intrinsic@1.1.1","MIT","https://github.com/ljharb/get-intrinsic"
"get-own-enumerable-property-symbols@3.0.2","ISC","https://github.com/mightyiam/get-own-enumerable-property-symbols"
"get-package-type@0.1.0","MIT","https://github.com/cfware/get-package-type"
"get-stream@4.1.0","MIT","https://github.com/sindresorhus/get-stream"
"get-stream@5.2.0","MIT","https://github.com/sindresorhus/get-stream"
"get-stream@6.0.1","MIT","https://github.com/sindresorhus/get-stream"
"getos@3.2.1","MIT","https://github.com/retrohacker/getos"
"getpass@0.1.7","MIT","https://github.com/arekinath/node-getpass"
"glob-parent@5.1.2","ISC","https://github.com/gulpjs/glob-parent"
"glob-parent@6.0.2","ISC","https://github.com/gulpjs/glob-parent"
"glob-to-regexp@0.4.1","BSD-2-Clause","https://github.com/fitzgen/glob-to-regexp"
"glob@7.2.0","ISC","https://github.com/isaacs/node-glob"
"global-dirs@3.0.0","MIT","https://github.com/sindresorhus/global-dirs"
"globals@11.12.0","MIT","https://github.com/sindresorhus/globals"
"globals@13.12.1","MIT","https://github.com/sindresorhus/globals"
"globby@11.1.0","MIT","https://github.com/sindresorhus/globby"
"globby@12.2.0","MIT","https://github.com/sindresorhus/globby"
"graceful-fs@4.2.9","ISC","https://github.com/isaacs/node-graceful-fs"
"graphlib@2.1.8","MIT","https://github.com/dagrejs/graphlib"
"handle-thing@2.0.1","MIT","https://github.com/indutny/handle-thing"
"has-flag@3.0.0","MIT","https://github.com/sindresorhus/has-flag"
"has-flag@4.0.0","MIT","https://github.com/sindresorhus/has-flag"
"has-symbols@1.0.2","MIT","https://github.com/inspect-js/has-symbols"
"has-tostringtag@1.0.0","MIT","https://github.com/inspect-js/has-tostringtag"
"has-unicode@2.0.1","ISC","https://github.com/iarna/has-unicode"
"has@1.0.3","MIT","https://github.com/tarruda/has"
"hdr-histogram-js@2.0.3","BSD*","https://github.com/HdrHistogram/HdrHistogramJS"
"hdr-histogram-percentiles-obj@3.0.0","MIT","https://github.com/GlenTiki/hdr-histogram-percentiles-obj"
"heap@0.2.7","MIT","https://github.com/qiao/heap.js"
"hosted-git-info@2.8.9","ISC","https://github.com/npm/hosted-git-info"
"hosted-git-info@4.1.0","ISC","https://github.com/npm/hosted-git-info"
"hpack.js@2.1.6","MIT","https://github.com/indutny/hpack.js"
"html-entities@2.3.2","MIT","https://github.com/mdevils/html-entities"
"html-escaper@2.0.2","MIT","https://github.com/WebReflection/html-escaper"
"http-cache-semantics@3.8.1","BSD-2-Clause","https://github.com/pornel/http-cache-semantics"
"http-cache-semantics@4.1.0","BSD-2-Clause","https://github.com/kornelski/http-cache-semantics"
"http-deceiver@1.2.7","MIT","https://github.com/indutny/http-deceiver"
"http-errors@1.6.3","MIT","https://github.com/jshttp/http-errors"
"http-errors@1.8.1","MIT","https://github.com/jshttp/http-errors"
"http-parser-js@0.5.5","MIT","https://github.com/creationix/http-parser-js"
"http-proxy-agent@2.1.0","MIT","https://github.com/TooTallNate/node-http-proxy-agent"
"http-proxy-agent@4.0.1","MIT","https://github.com/TooTallNate/node-http-proxy-agent"
"http-proxy-agent@5.0.0","MIT","https://github.com/TooTallNate/node-http-proxy-agent"
"http-proxy-middleware@2.0.3","MIT","https://github.com/chimurai/http-proxy-middleware"
"http-proxy@1.18.1","MIT","https://github.com/http-party/node-http-proxy"
"http-signature@1.3.6","MIT","https://github.com/joyent/node-http-signature"
"https-proxy-agent@2.2.4","MIT","https://github.com/TooTallNate/node-https-proxy-agent"
"https-proxy-agent@5.0.0","MIT","https://github.com/TooTallNate/node-https-proxy-agent"
"human-signals@1.1.1","Apache-2.0","https://github.com/ehmicky/human-signals"
"human-signals@2.1.0","Apache-2.0","https://github.com/ehmicky/human-signals"
"humanize-ms@1.2.1","MIT","https://github.com/node-modules/humanize-ms"
"husky@7.0.4","MIT","https://github.com/typicode/husky"
"iconv-lite@0.4.24","MIT","https://github.com/ashtuchkin/iconv-lite"
"iconv-lite@0.6.3","MIT","https://github.com/ashtuchkin/iconv-lite"
"icss-utils@5.1.0","ISC","https://github.com/css-modules/icss-utils"
"ieee754@1.2.1","BSD-3-Clause","https://github.com/feross/ieee754"
"iferr@0.1.5","MIT","https://github.com/shesek/iferr"
"ignore-walk@3.0.4","ISC","https://github.com/isaacs/ignore-walk"
"ignore-walk@4.0.1","ISC","https://github.com/isaacs/ignore-walk"
"ignore@4.0.6","MIT","https://github.com/kaelzhang/node-ignore"
"ignore@5.1.9","MIT","https://github.com/kaelzhang/node-ignore"
"ignore@5.2.0","MIT","https://github.com/kaelzhang/node-ignore"
"image-size@0.5.5","MIT","https://github.com/image-size/image-size"
"immutable@4.0.0","MIT","https://github.com/immutable-js/immutable-js"
"import-fresh@3.3.0","MIT","https://github.com/sindresorhus/import-fresh"
"imurmurhash@0.1.4","MIT","https://github.com/jensyt/imurmurhash-js"
"indent-string@4.0.0","MIT","https://github.com/sindresorhus/indent-string"
"infer-owner@1.0.4","ISC","https://github.com/npm/infer-owner"
"inflight@1.0.6","ISC","https://github.com/npm/inflight"
"inherits@2.0.3","ISC","https://github.com/isaacs/inherits"
"inherits@2.0.4","ISC","https://github.com/isaacs/inherits"
"ini@1.3.5","ISC","https://github.com/isaacs/ini"
"ini@2.0.0","ISC","https://github.com/isaacs/ini"
"inquirer@8.2.0","MIT","https://github.com/SBoudrias/Inquirer.js"
"ip@1.1.5","MIT","https://github.com/indutny/node-ip"
"ipaddr.js@1.9.1","MIT","https://github.com/whitequark/ipaddr.js"
"ipaddr.js@2.0.1","MIT","https://github.com/whitequark/ipaddr.js"
"is-arguments@1.1.1","MIT","https://github.com/inspect-js/is-arguments"
"is-arrayish@0.2.1","MIT","https://github.com/qix-/node-is-arrayish"
"is-binary-path@2.1.0","MIT","https://github.com/sindresorhus/is-binary-path"
"is-ci@3.0.1","MIT","https://github.com/watson/is-ci"
"is-core-module@2.8.1","MIT","https://github.com/inspect-js/is-core-module"
"is-date-object@1.0.5","MIT","https://github.com/inspect-js/is-date-object"
"is-docker@2.2.1","MIT","https://github.com/sindresorhus/is-docker"
"is-extglob@2.1.1","MIT","https://github.com/jonschlinkert/is-extglob"
"is-fullwidth-code-point@3.0.0","MIT","https://github.com/sindresorhus/is-fullwidth-code-point"
"is-glob@4.0.3","MIT","https://github.com/micromatch/is-glob"
"is-installed-globally@0.4.0","MIT","https://github.com/sindresorhus/is-installed-globally"
"is-interactive@1.0.0","MIT","https://github.com/sindresorhus/is-interactive"
"is-lambda@1.0.1","MIT","https://github.com/watson/is-lambda"
"is-number@7.0.0","MIT","https://github.com/jonschlinkert/is-number"
"is-obj@1.0.1","MIT","https://github.com/sindresorhus/is-obj"
"is-path-cwd@2.2.0","MIT","https://github.com/sindresorhus/is-path-cwd"
"is-path-inside@3.0.3","MIT","https://github.com/sindresorhus/is-path-inside"
"is-plain-obj@3.0.0","MIT","https://github.com/sindresorhus/is-plain-obj"
"is-plain-object@2.0.4","MIT","https://github.com/jonschlinkert/is-plain-object"
"is-regex@1.1.4","MIT","https://github.com/inspect-js/is-regex"
"is-regexp@1.0.0","MIT","https://github.com/sindresorhus/is-regexp"
"is-stream@2.0.1","MIT","https://github.com/sindresorhus/is-stream"
"is-typedarray@1.0.0","MIT","https://github.com/hughsk/is-typedarray"
"is-unicode-supported@0.1.0","MIT","https://github.com/sindresorhus/is-unicode-supported"
"is-what@3.14.1","MIT","https://github.com/mesqueeb/is-what"
"is-wsl@2.2.0","MIT","https://github.com/sindresorhus/is-wsl"
"isarray@1.0.0","MIT","https://github.com/juliangruber/isarray"
"isbinaryfile@4.0.8","MIT","https://github.com/gjtorikian/isBinaryFile"
"isexe@2.0.0","ISC","https://github.com/isaacs/isexe"
"isobject@3.0.1","MIT","https://github.com/jonschlinkert/isobject"
"isstream@0.1.2","MIT","https://github.com/rvagg/isstream"
"istanbul-lib-coverage@3.2.0","BSD-3-Clause","https://github.com/istanbuljs/istanbuljs"
"istanbul-lib-instrument@4.0.3","BSD-3-Clause","https://github.com/istanbuljs/istanbuljs"
"istanbul-lib-instrument@5.1.0","BSD-3-Clause","https://github.com/istanbuljs/istanbuljs"
"istanbul-lib-report@3.0.0","BSD-3-Clause","https://github.com/istanbuljs/istanbuljs"
"istanbul-lib-source-maps@4.0.1","BSD-3-Clause","https://github.com/istanbuljs/istanbuljs"
"istanbul-reports@3.1.4","BSD-3-Clause","https://github.com/istanbuljs/istanbuljs"
"jake@10.8.2","Apache-2.0","https://github.com/jakejs/jake"
"jasmine-core@3.99.0","MIT","https://github.com/jasmine/jasmine"
"jest-worker@27.5.1","MIT","https://github.com/facebook/jest"
"jquery@3.6.0","MIT","https://github.com/jquery/jquery"
"js-tokens@4.0.0","MIT","https://github.com/lydell/js-tokens"
"js-yaml@3.14.1","MIT","https://github.com/nodeca/js-yaml"
"js-yaml@4.1.0","MIT","https://github.com/nodeca/js-yaml"
"jsbn@0.1.1","MIT","https://github.com/andyperlitch/jsbn"
"jsesc@0.5.0","MIT","https://github.com/mathiasbynens/jsesc"
"jsesc@2.5.2","MIT","https://github.com/mathiasbynens/jsesc"
"json-parse-better-errors@1.0.2","MIT","https://github.com/zkat/json-parse-better-errors"
"json-parse-even-better-errors@2.3.1","MIT","https://github.com/npm/json-parse-even-better-errors"
"json-schema-traverse@0.4.1","MIT","https://github.com/epoberezkin/json-schema-traverse"
"json-schema-traverse@1.0.0","MIT","https://github.com/epoberezkin/json-schema-traverse"
"json-schema@0.4.0","(AFL-2.1 OR BSD-3-Clause)","https://github.com/kriszyp/json-schema"
"json-stable-stringify-without-jsonify@1.0.1","MIT","https://github.com/samn/json-stable-stringify"
"json-stringify-safe@5.0.1","ISC","https://github.com/isaacs/json-stringify-safe"
"json5@1.0.1","MIT","https://github.com/json5/json5"
"json5@2.2.0","MIT","https://github.com/json5/json5"
"jsonc-parser@3.0.0","MIT","https://github.com/microsoft/node-jsonc-parser"
"jsonfile@6.1.0","MIT","https://github.com/jprichardson/node-jsonfile"
"jsonparse@1.3.1","MIT","https://github.com/creationix/jsonparse"
"jsprim@2.0.2","MIT","https://github.com/joyent/node-jsprim"
"karma-chrome-launcher@3.1.0","MIT","https://github.com/karma-runner/karma-chrome-launcher"
"karma-coverage@2.1.1","MIT","https://github.com/karma-runner/karma-coverage"
"karma-jasmine-html-reporter@1.7.0","MIT","https://github.com/dfederm/karma-jasmine-html-reporter"
"karma-jasmine@4.0.1","MIT","https://github.com/karma-runner/karma-jasmine"
"karma-source-map-support@1.4.0","MIT","https://github.com/tschaub/karma-source-map-support"
"karma@6.3.15","MIT","https://github.com/karma-runner/karma"
"katex@0.15.2","MIT","https://github.com/KaTeX/KaTeX"
"kind-of@6.0.3","MIT","https://github.com/jonschlinkert/kind-of"
"klona@2.0.5","MIT","https://github.com/lukeed/klona"
"lazy-ass@1.6.0","MIT","https://github.com/bahmutov/lazy-ass"
"less-loader@10.2.0","MIT","https://github.com/webpack-contrib/less-loader"
"less@4.1.2","Apache-2.0","https://github.com/less/less.js"
"levn@0.4.1","MIT","https://github.com/gkz/levn"
"license-checker@25.0.1","BSD-3-Clause","https://github.com/davglass/license-checker"
"license-webpack-plugin@4.0.1","ISC","https://github.com/xz64/license-webpack-plugin"
"lines-and-columns@1.2.4","MIT","https://github.com/eventualbuddha/lines-and-columns"
"lint-staged@11.2.6","MIT","https://github.com/okonet/lint-staged"
"listr2@3.14.0","MIT","https://github.com/cenk1cenk2/listr2"
"loader-runner@4.2.0","MIT","https://github.com/webpack/loader-runner"
"loader-utils@1.4.0","MIT","https://github.com/webpack/loader-utils"
"loader-utils@2.0.2","MIT","https://github.com/webpack/loader-utils"
"loader-utils@3.2.0","MIT","https://github.com/webpack/loader-utils"
"locate-path@5.0.0","MIT","https://github.com/sindresorhus/locate-path"
"lodash.debounce@4.0.8","MIT","https://github.com/lodash/lodash"
"lodash.get@4.4.2","MIT","https://github.com/lodash/lodash"
"lodash.merge@4.6.2","MIT","https://github.com/lodash/lodash"
"lodash.once@4.1.1","MIT","https://github.com/lodash/lodash"
"lodash.set@4.3.2","MIT","https://github.com/lodash/lodash"
"lodash.topath@4.5.2","MIT","https://github.com/lodash/lodash"
"lodash@4.17.21","MIT","https://github.com/lodash/lodash"
"log-symbols@4.1.0","MIT","https://github.com/sindresorhus/log-symbols"
"log-update@4.0.0","MIT","https://github.com/sindresorhus/log-update"
"log4js@6.4.1","Apache-2.0","https://github.com/log4js-node/log4js-node"
"lru-cache@5.1.1","ISC","https://github.com/isaacs/node-lru-cache"
"lru-cache@6.0.0","ISC","https://github.com/isaacs/node-lru-cache"
"lru-cache@7.3.1","ISC","https://github.com/isaacs/node-lru-cache"
"magic-string@0.25.3","MIT","https://github.com/rich-harris/magic-string"
"magic-string@0.25.7","MIT","https://github.com/rich-harris/magic-string"
"make-dir@2.1.0","MIT","https://github.com/sindresorhus/make-dir"
"make-dir@3.1.0","MIT","https://github.com/sindresorhus/make-dir"
"make-error@1.3.6","ISC","https://github.com/JsCommunity/make-error"
"make-fetch-happen@10.0.1","ISC","https://github.com/npm/make-fetch-happen"
"make-fetch-happen@5.0.2","ISC","https://github.com/zkat/make-fetch-happen"
"make-fetch-happen@9.1.0","ISC","https://github.com/npm/make-fetch-happen"
"marked@4.0.12","MIT","https://github.com/markedjs/marked"
"material-design-icons-iconfont@6.1.1","Apache-2.0","https://github.com/jossef/material-design-icons-iconfont"
"media-typer@0.3.0","MIT","https://github.com/jshttp/media-typer"
"memfs@3.4.1","Unlicense","https://github.com/streamich/memfs"
"merge-descriptors@1.0.1","MIT","https://github.com/component/merge-descriptors"
"merge-stream@2.0.0","MIT","https://github.com/grncdr/merge-stream"
"merge2@1.4.1","MIT","https://github.com/teambition/merge2"
"methods@1.1.2","MIT","https://github.com/jshttp/methods"
"micromatch@4.0.4","MIT","https://github.com/micromatch/micromatch"
"mime-db@1.51.0","MIT","https://github.com/jshttp/mime-db"
"mime-types@2.1.34","MIT","https://github.com/jshttp/mime-types"
"mime@1.6.0","MIT","https://github.com/broofa/node-mime"
"mime@2.6.0","MIT","https://github.com/broofa/mime"
"mimic-fn@2.1.0","MIT","https://github.com/sindresorhus/mimic-fn"
"mini-css-extract-plugin@2.5.3","MIT","https://github.com/webpack-contrib/mini-css-extract-plugin"
"minimalistic-assert@1.0.1","ISC","https://github.com/calvinmetcalf/minimalistic-assert"
"minimatch@3.0.4","ISC","https://github.com/isaacs/minimatch"
"minimist@1.2.5","MIT","https://github.com/substack/minimist"
"minipass-collect@1.0.2","ISC",""
"minipass-fetch@1.4.1","MIT","https://github.com/npm/minipass-fetch"
"minipass-flush@1.0.5","ISC","https://github.com/isaacs/minipass-flush"
"minipass-json-stream@1.0.1","MIT","https://github.com/npm/minipass-json-stream"
"minipass-pipeline@1.2.4","ISC",""
"minipass-sized@1.0.3","ISC","https://github.com/isaacs/minipass-sized"
"minipass@2.9.0","ISC","https://github.com/isaacs/minipass"
"minipass@3.1.6","ISC","https://github.com/isaacs/minipass"
"minizlib@1.3.3","MIT","https://github.com/isaacs/minizlib"
"minizlib@2.1.2","MIT","https://github.com/isaacs/minizlib"
"mississippi@3.0.0","BSD-2-Clause","https://github.com/maxogden/mississippi"
"mkdirp@0.5.5","MIT","https://github.com/substack/node-mkdirp"
"mkdirp@1.0.4","MIT","https://github.com/isaacs/node-mkdirp"
"move-concurrently@1.0.1","ISC","https://github.com/npm/move-concurrently"
"ms@2.0.0","MIT","https://github.com/zeit/ms"
"ms@2.1.2","MIT","https://github.com/zeit/ms"
"ms@2.1.3","MIT","https://github.com/vercel/ms"
"multicast-dns-service-types@1.1.0","MIT","https://github.com/mafintosh/multicast-dns-service-types"
"multicast-dns@6.2.3","MIT","https://github.com/mafintosh/multicast-dns"
"mute-stream@0.0.8","ISC","https://github.com/isaacs/mute-stream"
"nanoid@3.2.0","MIT","https://github.com/ai/nanoid"
"natural-compare@1.4.0","MIT","https://github.com/litejs/natural-compare-lite"
"needle@2.9.1","MIT","https://github.com/tomas/needle"
"negotiator@0.6.3","MIT","https://github.com/jshttp/negotiator"
"neo-async@2.6.2","MIT","https://github.com/suguru03/neo-async"
"ng2-ui-auth@10.0.1","UNKNOWN",""
"ngx-markdown@13.1.0","MIT","https://github.com/jfcere/ngx-markdown"
"ngx-sharebuttons@8.1.0","MIT","https://github.com/murhafsousli/ngx-sharebuttons"
"nice-napi@1.0.2","MIT","https://github.com/addaleax/nice-napi"
"node-addon-api@3.2.1","MIT","https://github.com/nodejs/node-addon-api"
"node-fetch-npm@2.0.4","MIT","https://github.com/npm/node-fetch-npm"
"node-forge@1.2.1","(BSD-3-Clause OR GPL-2.0)","https://github.com/digitalbazaar/forge"
"node-gyp-build@4.3.0","MIT","https://github.com/prebuild/node-gyp-build"
"node-gyp@8.4.1","MIT","https://github.com/nodejs/node-gyp"
"node-releases@2.0.2","MIT","https://github.com/chicoxyzzy/node-releases"
"nopt@4.0.3","ISC","https://github.com/npm/nopt"
"nopt@5.0.0","ISC","https://github.com/npm/nopt"
"normalize-package-data@2.5.0","BSD-2-Clause","https://github.com/npm/normalize-package-data"
"normalize-path@3.0.0","MIT","https://github.com/jonschlinkert/normalize-path"
"normalize-range@0.1.2","MIT","https://github.com/jamestalmage/normalize-range"
"npm-bundled@1.1.2","ISC","https://github.com/npm/npm-bundled"
"npm-install-checks@4.0.0","BSD-2-Clause","https://github.com/npm/npm-install-checks"
"npm-normalize-package-bin@1.0.1","ISC","https://github.com/npm/npm-normalize-package-bin"
"npm-package-arg@6.1.1","ISC","https://github.com/npm/npm-package-arg"
"npm-package-arg@8.1.5","ISC","https://github.com/npm/npm-package-arg"
"npm-packlist@1.4.8","ISC","https://github.com/npm/npm-packlist"
"npm-packlist@3.0.0","ISC","https://github.com/npm/npm-packlist"
"npm-pick-manifest@2.2.3","ISC","https://github.com/zkat/npm-pick-manifest"
"npm-pick-manifest@6.1.1","ISC","https://github.com/npm/npm-pick-manifest"
"npm-registry-fetch@12.0.2","ISC","https://github.com/npm/npm-registry-fetch"
"npm-registry-fetch@4.0.7","ISC","https://github.com/npm/registry-fetch"
"npm-run-path@4.0.1","MIT","https://github.com/sindresorhus/npm-run-path"
"npmlog@6.0.0","ISC","https://github.com/npm/npmlog"
"nth-check@2.0.1","BSD-2-Clause","https://github.com/fb55/nth-check"
"nx@13.1.3","MIT","https://github.com/nrwl/nx"
"nx@13.8.0","MIT","https://github.com/nrwl/nx"
"object-assign@4.1.1","MIT","https://github.com/sindresorhus/object-assign"
"object-is@1.1.5","MIT","https://github.com/es-shims/object-is"
"object-keys@1.1.1","MIT","https://github.com/ljharb/object-keys"
"object.assign@4.1.2","MIT","https://github.com/ljharb/object.assign"
"obuf@1.1.2","MIT","https://github.com/indutny/offset-buffer"
"on-finished@2.3.0","MIT","https://github.com/jshttp/on-finished"
"on-headers@1.0.2","MIT","https://github.com/jshttp/on-headers"
"once@1.4.0","ISC","https://github.com/isaacs/once"
"onetime@5.1.2","MIT","https://github.com/sindresorhus/onetime"
"open@8.4.0","MIT","https://github.com/sindresorhus/open"
"optionator@0.9.1","MIT","https://github.com/gkz/optionator"
"ora@5.4.1","MIT","https://github.com/sindresorhus/ora"
"os-homedir@1.0.2","MIT","https://github.com/sindresorhus/os-homedir"
"os-tmpdir@1.0.2","MIT","https://github.com/sindresorhus/os-tmpdir"
"osenv@0.1.5","ISC","https://github.com/npm/osenv"
"ospath@1.2.2","MIT","https://github.com/jprichardson/ospath"
"p-limit@2.3.0","MIT","https://github.com/sindresorhus/p-limit"
"p-locate@4.1.0","MIT","https://github.com/sindresorhus/p-locate"
"p-map@4.0.0","MIT","https://github.com/sindresorhus/p-map"
"p-retry@4.6.1","MIT","https://github.com/sindresorhus/p-retry"
"p-try@2.2.0","MIT","https://github.com/sindresorhus/p-try"
"pacote@12.0.3","ISC","https://github.com/npm/pacote"
"pacote@9.5.5","MIT","https://github.com/npm/pacote"
"pako@1.0.11","(MIT AND Zlib)","https://github.com/nodeca/pako"
"parallel-transform@1.2.0","MIT","https://github.com/mafintosh/parallel-transform"
"parent-module@1.0.1","MIT","https://github.com/sindresorhus/parent-module"
"parse-json@5.2.0","MIT","https://github.com/sindresorhus/parse-json"
"parse-node-version@1.0.1","MIT","https://github.com/gulpjs/parse-node-version"
"parse5-html-rewriting-stream@6.0.1","MIT","https://github.com/inikulin/parse5"
"parse5-htmlparser2-tree-adapter@6.0.1","MIT","https://github.com/inikulin/parse5"
"parse5-sax-parser@6.0.1","MIT","https://github.com/inikulin/parse5"
"parse5@5.1.1","MIT","https://github.com/inikulin/parse5"
"parse5@6.0.1","MIT","https://github.com/inikulin/parse5"
"parseurl@1.3.3","MIT","https://github.com/pillarjs/parseurl"
"path-exists@4.0.0","MIT","https://github.com/sindresorhus/path-exists"
"path-is-absolute@1.0.1","MIT","https://github.com/sindresorhus/path-is-absolute"
"path-key@3.1.1","MIT","https://github.com/sindresorhus/path-key"
"path-parse@1.0.7","MIT","https://github.com/jbgutierrez/path-parse"
"path-to-regexp@0.1.7","MIT","https://github.com/component/path-to-regexp"
"path-type@4.0.0","MIT","https://github.com/sindresorhus/path-type"
"pend@1.2.0","MIT","https://github.com/andrewrk/node-pend"
"performance-now@2.1.0","MIT","https://github.com/braveg1rl/performance-now"
"picocolors@1.0.0","ISC","https://github.com/alexeyraspopov/picocolors"
"picomatch@2.3.1","MIT","https://github.com/micromatch/picomatch"
"pify@2.3.0","MIT","https://github.com/sindresorhus/pify"
"pify@4.0.1","MIT","https://github.com/sindresorhus/pify"
"piscina@3.2.0","MIT","https://github.com/piscinajs/piscina"
"pkg-dir@4.2.0","MIT","https://github.com/sindresorhus/pkg-dir"
"please-upgrade-node@3.2.0","MIT","https://github.com/typicode/please-upgrade-node"
"portfinder@1.0.28","MIT","https://github.com/http-party/node-portfinder"
"postcss-attribute-case-insensitive@5.0.0","MIT","https://github.com/Semigradsky/postcss-attribute-case-insensitive"
"postcss-color-functional-notation@4.2.2","CC0-1.0","https://github.com/csstools/postcss-plugins"
"postcss-color-hex-alpha@8.0.3","MIT","https://github.com/csstools/postcss-plugins"
"postcss-color-rebeccapurple@7.0.2","CC0-1.0","https://github.com/csstools/postcss-plugins"
"postcss-custom-media@8.0.0","MIT","https://github.com/postcss/postcss-custom-media"
"postcss-custom-properties@12.1.4","MIT","https://github.com/csstools/postcss-plugins"
"postcss-custom-selectors@6.0.0","MIT","https://github.com/postcss/postcss-custom-selectors"
"postcss-dir-pseudo-class@6.0.4","CC0-1.0","https://github.com/csstools/postcss-plugins"
"postcss-double-position-gradients@3.0.5","CC0-1.0","https://github.com/csstools/postcss-plugins"
"postcss-env-function@4.0.5","CC0-1.0","https://github.com/csstools/postcss-plugins"
"postcss-focus-visible@6.0.4","CC0-1.0","https://github.com/csstools/postcss-plugins"
"postcss-focus-within@5.0.4","CC0-1.0","https://github.com/csstools/postcss-plugins"
"postcss-font-variant@5.0.0","MIT","https://github.com/postcss/postcss-font-variant"
"postcss-gap-properties@3.0.3","CC0-1.0","https://github.com/csstools/postcss-plugins"
"postcss-image-set-function@4.0.6","CC0-1.0","https://github.com/csstools/postcss-plugins"
"postcss-import@14.0.2","MIT","https://github.com/postcss/postcss-import"
"postcss-initial@4.0.1","MIT","https://github.com/maximkoretskiy/postcss-initial"
"postcss-lab-function@4.0.4","CC0-1.0","https://github.com/csstools/postcss-plugins"
"postcss-loader@6.2.1","MIT","https://github.com/webpack-contrib/postcss-loader"
"postcss-logical@5.0.4","CC0-1.0","https://github.com/csstools/postcss-plugins"
"postcss-media-minmax@5.0.0","MIT","https://github.com/postcss/postcss-media-minmax"
"postcss-modules-extract-imports@3.0.0","ISC","https://github.com/css-modules/postcss-modules-extract-imports"
"postcss-modules-local-by-default@4.0.0","MIT","https://github.com/css-modules/postcss-modules-local-by-default"
"postcss-modules-scope@3.0.0","ISC","https://github.com/css-modules/postcss-modules-scope"
"postcss-modules-values@4.0.0","ISC","https://github.com/css-modules/postcss-modules-values"
"postcss-nesting@10.1.2","CC0-1.0","https://github.com/csstools/postcss-plugins"
"postcss-overflow-shorthand@3.0.3","CC0-1.0","https://github.com/csstools/postcss-plugins"
"postcss-page-break@3.0.4","MIT","https://github.com/shrpne/postcss-page-break"
"postcss-place@7.0.4","CC0-1.0","https://github.com/csstools/postcss-plugins"
"postcss-preset-env@7.2.3","CC0-1.0","https://github.com/csstools/postcss-plugins"
"postcss-pseudo-class-any-link@7.1.1","CC0-1.0","https://github.com/csstools/postcss-plugins"
"postcss-replace-overflow-wrap@4.0.0","MIT","https://github.com/MattDiMu/postcss-replace-overflow-wrap"
"postcss-selector-not@5.0.0","MIT","https://github.com/postcss/postcss-selector-not"
"postcss-selector-parser@6.0.9","MIT","https://github.com/postcss/postcss-selector-parser"
"postcss-value-parser@4.2.0","MIT","https://github.com/TrySound/postcss-value-parser"
"postcss@8.4.5","MIT","https://github.com/postcss/postcss"
"prelude-ls@1.2.1","MIT","https://github.com/gkz/prelude-ls"
"prettier@2.5.1","MIT","https://github.com/prettier/prettier"
"pretty-bytes@5.6.0","MIT","https://github.com/sindresorhus/pretty-bytes"
"prismjs@1.26.0","MIT","https://github.com/PrismJS/prism"
"process-nextick-args@2.0.1","MIT","https://github.com/calvinmetcalf/process-nextick-args"
"promise-inflight@1.0.1","ISC","https://github.com/iarna/promise-inflight"
"promise-retry@1.1.1","MIT","https://github.com/IndigoUnited/node-promise-retry"
"promise-retry@2.0.1","MIT","https://github.com/IndigoUnited/node-promise-retry"
"protoduck@5.0.1","MIT","https://github.com/zkat/protoduck"
"proxy-addr@2.0.7","MIT","https://github.com/jshttp/proxy-addr"
"proxy-from-env@1.0.0","MIT","https://github.com/Rob--W/proxy-from-env"
"prr@1.0.1","MIT","https://github.com/rvagg/prr"
"psl@1.8.0","MIT","https://github.com/lupomontero/psl"
"pump@2.0.1","MIT","https://github.com/mafintosh/pump"
"pump@3.0.0","MIT","https://github.com/mafintosh/pump"
"pumpify@1.5.1","MIT","https://github.com/mafintosh/pumpify"
"punycode@1.3.2","MIT","https://github.com/bestiejs/punycode.js"
"punycode@2.1.1","MIT","https://github.com/bestiejs/punycode.js"
"qjobs@1.2.0","MIT","https://github.com/franck34/qjobs"
"qs@6.5.3","BSD-3-Clause","https://github.com/ljharb/qs"
"qs@6.9.6","BSD-3-Clause","https://github.com/ljharb/qs"
"querystring@0.2.0","MIT","https://github.com/Gozala/querystring"
"queue-microtask@1.2.3","MIT","https://github.com/feross/queue-microtask"
"ramda@0.27.2","MIT","https://github.com/ramda/ramda"
"randombytes@2.1.0","MIT","https://github.com/crypto-browserify/randombytes"
"range-parser@1.2.1","MIT","https://github.com/jshttp/range-parser"
"raw-body@2.4.2","MIT","https://github.com/stream-utils/raw-body"
"read-cache@1.0.0","MIT","https://github.com/TrySound/read-cache"
"read-installed@4.0.3","ISC","https://github.com/isaacs/read-installed"
"read-package-json-fast@2.0.3","ISC","https://github.com/npm/read-package-json-fast"
"read-package-json@2.1.2","ISC","https://github.com/npm/read-package-json"
"readable-stream@2.3.7","MIT","https://github.com/nodejs/readable-stream"
"readable-stream@3.6.0","MIT","https://github.com/nodejs/readable-stream"
"readdir-scoped-modules@1.1.0","ISC","https://github.com/npm/readdir-scoped-modules"
"readdirp@3.6.0","MIT","https://github.com/paulmillr/readdirp"
"reflect-metadata@0.1.13","Apache-2.0","https://github.com/rbuckton/reflect-metadata"
"regenerate-unicode-properties@10.0.1","MIT","https://github.com/mathiasbynens/regenerate-unicode-properties"
"regenerate@1.4.2","MIT","https://github.com/mathiasbynens/regenerate"
"regenerator-runtime@0.13.9","MIT","https://github.com/facebook/regenerator/tree/master/packages/runtime"
"regenerator-transform@0.14.5","MIT","https://github.com/facebook/regenerator/tree/master/packages/regenerator-transform"
"regex-parser@2.2.11","MIT","https://github.com/IonicaBizau/regex-parser.js"
"regexp.prototype.flags@1.4.1","MIT","https://github.com/es-shims/RegExp.prototype.flags"
"regexpp@3.2.0","MIT","https://github.com/mysticatea/regexpp"
"regexpu-core@5.0.1","MIT","https://github.com/mathiasbynens/regexpu-core"
"regjsgen@0.6.0","MIT","https://github.com/bnjmnt4n/regjsgen"
"regjsparser@0.8.4","BSD-2-Clause","https://github.com/jviereck/regjsparser"
"request-progress@3.0.0","MIT","https://github.com/IndigoUnited/node-request-progress"
"require-directory@2.1.1","MIT","https://github.com/troygoode/node-require-directory"
"require-from-string@2.0.2","MIT","https://github.com/floatdrop/require-from-string"
"requires-port@1.0.0","MIT","https://github.com/unshiftio/requires-port"
"resolve-from@4.0.0","MIT","https://github.com/sindresorhus/resolve-from"
"resolve-from@5.0.0","MIT","https://github.com/sindresorhus/resolve-from"
"resolve-url-loader@5.0.0","MIT","https://github.com/bholloway/resolve-url-loader"
"resolve@1.22.0","MIT","https://github.com/browserify/resolve"
"restore-cursor@3.1.0","MIT","https://github.com/sindresorhus/restore-cursor"
"retry@0.10.1","MIT","https://github.com/tim-kos/node-retry"
"retry@0.12.0","MIT","https://github.com/tim-kos/node-retry"
"retry@0.13.1","MIT","https://github.com/tim-kos/node-retry"
"reusify@1.0.4","MIT","https://github.com/mcollina/reusify"
"rfdc@1.3.0","MIT","https://github.com/davidmarkclements/rfdc"
"rimraf@2.7.1","ISC","https://github.com/isaacs/rimraf"
"rimraf@3.0.2","ISC","https://github.com/isaacs/rimraf"
"run-async@2.4.1","MIT","https://github.com/SBoudrias/run-async"
"run-parallel@1.2.0","MIT","https://github.com/feross/run-parallel"
"run-queue@1.0.3","ISC","https://github.com/iarna/run-queue"
"rxjs-for-await@0.0.2","MIT","https://github.com/benlesh/rxjs-for-await"
"rxjs@6.4.0","Apache-2.0","https://github.com/reactivex/rxjs"
"rxjs@6.6.7","Apache-2.0","https://github.com/reactivex/rxjs"
"rxjs@7.5.4","Apache-2.0","https://github.com/reactivex/rxjs"
"safe-buffer@5.1.2","MIT","https://github.com/feross/safe-buffer"
"safe-buffer@5.2.1","MIT","https://github.com/feross/safe-buffer"
"safer-buffer@2.1.2","MIT","https://github.com/ChALkeR/safer-buffer"
"sass-loader@12.4.0","MIT","https://github.com/webpack-contrib/sass-loader"
"sass@1.49.0","MIT","https://github.com/sass/dart-sass"
"sax@1.2.4","ISC","https://github.com/isaacs/sax-js"
"schema-utils@2.7.1","MIT","https://github.com/webpack/schema-utils"
"schema-utils@3.1.1","MIT","https://github.com/webpack/schema-utils"
"schema-utils@4.0.0","MIT","https://github.com/webpack/schema-utils"
"schematics-utilities@2.0.3","MIT","https://github.com/nitayneeman/schematics-utilities"
"select-hose@2.0.0","MIT","https://github.com/indutny/select-hose"
"selfsigned@2.0.0","MIT","https://github.com/jfromaniello/selfsigned"
"semver-compare@1.0.0","MIT","https://github.com/substack/semver-compare"
"semver-intersect@1.4.0","MIT","https://github.com/snyamathi/semver-intersect"
"semver@5.7.1","ISC","https://github.com/npm/node-semver"
"semver@6.3.0","ISC","https://github.com/npm/node-semver"
"semver@7.0.0","ISC","https://github.com/npm/node-semver"
"semver@7.3.4","ISC","https://github.com/npm/node-semver"
"semver@7.3.5","ISC","https://github.com/npm/node-semver"
"send@0.17.2","MIT","https://github.com/pillarjs/send"
"serialize-javascript@6.0.0","BSD-3-Clause","https://github.com/yahoo/serialize-javascript"
"serve-index@1.9.1","MIT","https://github.com/expressjs/serve-index"
"serve-static@1.14.2","MIT","https://github.com/expressjs/serve-static"
"set-blocking@2.0.0","ISC","https://github.com/yargs/set-blocking"
"setprototypeof@1.1.0","ISC","https://github.com/wesleytodd/setprototypeof"
"setprototypeof@1.2.0","ISC","https://github.com/wesleytodd/setprototypeof"
"shallow-clone@3.0.1","MIT","https://github.com/jonschlinkert/shallow-clone"
"shebang-command@2.0.0","MIT","https://github.com/kevva/shebang-command"
"shebang-regex@3.0.0","MIT","https://github.com/sindresorhus/shebang-regex"
"signal-exit@3.0.7","ISC","https://github.com/tapjs/signal-exit"
"slash@3.0.0","MIT","https://github.com/sindresorhus/slash"
"slash@4.0.0","MIT","https://github.com/sindresorhus/slash"
"slice-ansi@3.0.0","MIT","https://github.com/chalk/slice-ansi"
"slice-ansi@4.0.0","MIT","https://github.com/chalk/slice-ansi"
"slide@1.1.6","ISC","https://github.com/isaacs/slide-flow-control"
"smart-buffer@4.2.0","MIT","https://github.com/JoshGlazebrook/smart-buffer"
"socket.io-adapter@2.3.3","MIT","https://github.com/socketio/socket.io-adapter"
"socket.io-parser@4.0.4","MIT","https://github.com/socketio/socket.io-parser"
"socket.io@4.4.1","MIT","https://github.com/socketio/socket.io"
"sockjs@0.3.24","MIT","https://github.com/sockjs/sockjs-node"
"socks-proxy-agent@4.0.2","MIT","https://github.com/TooTallNate/node-socks-proxy-agent"
"socks-proxy-agent@6.1.1","MIT","https://github.com/TooTallNate/node-socks-proxy-agent"
"socks@2.3.3","MIT","https://github.com/JoshGlazebrook/socks"
"socks@2.6.2","MIT","https://github.com/JoshGlazebrook/socks"
"source-map-js@1.0.2","BSD-3-Clause","https://github.com/7rulnik/source-map-js"
"source-map-loader@3.0.1","MIT","https://github.com/webpack-contrib/source-map-loader"
"source-map-resolve@0.6.0","MIT","https://github.com/lydell/source-map-resolve"
"source-map-support@0.5.21","MIT","https://github.com/evanw/node-source-map-support"
"source-map@0.5.7","BSD-3-Clause","https://github.com/mozilla/source-map"
"source-map@0.6.1","BSD-3-Clause","https://github.com/mozilla/source-map"
"source-map@0.7.3","BSD-3-Clause","https://github.com/mozilla/source-map"
"sourcemap-codec@1.4.8","MIT","https://github.com/Rich-Harris/sourcemap-codec"
"spdx-compare@1.0.0","MIT","https://github.com/kemitchell/spdx-compare.js"
"spdx-correct@3.1.1","Apache-2.0","https://github.com/jslicense/spdx-correct.js"
"spdx-exceptions@2.3.0","CC-BY-3.0","https://github.com/kemitchell/spdx-exceptions.json"
"spdx-expression-parse@3.0.1","MIT","https://github.com/jslicense/spdx-expression-parse.js"
"spdx-license-ids@3.0.11","CC0-1.0","https://github.com/jslicense/spdx-license-ids"
"spdx-ranges@2.1.1","(MIT AND CC-BY-3.0)","https://github.com/kemitchell/spdx-ranges.js"
"spdx-satisfies@4.0.1","MIT","https://github.com/kemitchell/spdx-satisfies.js"
"spdy-transport@3.0.0","MIT","https://github.com/spdy-http2/spdy-transport"
"spdy@4.0.2","MIT","https://github.com/indutny/node-spdy"
"sprintf-js@1.0.3","BSD-3-Clause","https://github.com/alexei/sprintf.js"
"sshpk@1.17.0","MIT","https://github.com/joyent/node-sshpk"
"ssri@6.0.2","ISC","https://github.com/zkat/ssri"
"ssri@8.0.1","ISC","https://github.com/npm/ssri"
"statuses@1.5.0","MIT","https://github.com/jshttp/statuses"
"stream-each@1.2.3","MIT","https://github.com/mafintosh/stream-each"
"stream-shift@1.0.1","MIT","https://github.com/mafintosh/stream-shift"
"streamroller@3.0.2","MIT","https://github.com/nomiddlename/streamroller"
"string-argv@0.3.1","MIT","https://github.com/mccormicka/string-argv"
"string-width@4.2.3","MIT","https://github.com/sindresorhus/string-width"
"string_decoder@1.1.1","MIT","https://github.com/nodejs/string_decoder"
"string_decoder@1.3.0","MIT","https://github.com/nodejs/string_decoder"
"stringify-object@3.3.0","BSD-2-Clause","https://github.com/yeoman/stringify-object"
"strip-ansi@6.0.1","MIT","https://github.com/chalk/strip-ansi"
"strip-ansi@7.0.1","MIT","https://github.com/chalk/strip-ansi"
"strip-final-newline@2.0.0","MIT","https://github.com/sindresorhus/strip-final-newline"
"strip-json-comments@3.1.1","MIT","https://github.com/sindresorhus/strip-json-comments"
"stylus-loader@6.2.0","MIT","https://github.com/webpack-contrib/stylus-loader"
"stylus@0.56.0","MIT","https://github.com/stylus/stylus"
"supports-color@5.5.0","MIT","https://github.com/chalk/supports-color"
"supports-color@7.2.0","MIT","https://github.com/chalk/supports-color"
"supports-color@8.1.1","MIT","https://github.com/chalk/supports-color"
"supports-preserve-symlinks-flag@1.0.0","MIT","https://github.com/inspect-js/node-supports-preserve-symlinks-flag"
"symbol-observable@4.0.0","MIT","https://github.com/blesh/symbol-observable"
"tapable@2.2.1","MIT","https://github.com/webpack/tapable"
"tar@4.4.19","ISC","https://github.com/npm/node-tar"
"tar@6.1.11","ISC","https://github.com/npm/node-tar"
"terser-webpack-plugin@5.3.1","MIT","https://github.com/webpack-contrib/terser-webpack-plugin"
"terser@5.10.0","BSD-2-Clause","https://github.com/terser/terser"
"test-exclude@6.0.0","ISC","https://github.com/istanbuljs/test-exclude"
"text-table@0.2.0","MIT","https://github.com/substack/text-table"
"throttleit@1.0.0","MIT","https://github.com/component/throttle"
"through2@2.0.5","MIT","https://github.com/rvagg/through2"
"through@2.3.8","MIT","https://github.com/dominictarr/through"
"thunky@1.1.0","MIT","https://github.com/mafintosh/thunky"
"tmp@0.0.33","MIT","https://github.com/raszi/node-tmp"
"tmp@0.2.1","MIT","https://github.com/raszi/node-tmp"
"to-fast-properties@2.0.0","MIT","https://github.com/sindresorhus/to-fast-properties"
"to-regex-range@5.0.1","MIT","https://github.com/micromatch/to-regex-range"
"toidentifier@1.0.1","MIT","https://github.com/component/toidentifier"
"tough-cookie@2.5.0","BSD-3-Clause","https://github.com/salesforce/tough-cookie"
"tree-kill@1.2.2","MIT","https://github.com/pkrumins/node-tree-kill"
"treeify@1.1.0","MIT","https://github.com/notatestuser/treeify"
"ts-md5@1.2.11","MIT","https://github.com/cotag/ts-md5"
"ts-node@10.5.0","MIT","https://github.com/TypeStrong/ts-node"
"tslib@1.14.1","0BSD","https://github.com/Microsoft/tslib"
"tslib@2.3.1","0BSD","https://github.com/Microsoft/tslib"
"tsutils@3.21.0","MIT","https://github.com/ajafff/tsutils"
"tunnel-agent@0.6.0","Apache-2.0","https://github.com/mikeal/tunnel-agent"
"tweetnacl@0.14.5","Unlicense","https://github.com/dchest/tweetnacl-js"
"type-check@0.4.0","MIT","https://github.com/gkz/type-check"
"type-fest@0.20.2","(MIT OR CC0-1.0)","https://github.com/sindresorhus/type-fest"
"type-fest@0.21.3","(MIT OR CC0-1.0)","https://github.com/sindresorhus/type-fest"
"type-is@1.6.18","MIT","https://github.com/jshttp/type-is"
"typed-assert@1.0.8","MIT","https://github.com/elierotenberg/typed-assert"
"typedarray@0.0.6","MIT","https://github.com/substack/typedarray"
"typescript@3.9.10","Apache-2.0","https://github.com/Microsoft/TypeScript"
"typescript@4.5.5","Apache-2.0","https://github.com/Microsoft/TypeScript"
"ua-parser-js@0.7.31","MIT","https://github.com/faisalman/ua-parser-js"
"unicode-canonical-property-names-ecmascript@2.0.0","MIT","https://github.com/mathiasbynens/unicode-canonical-property-names-ecmascript"
"unicode-match-property-ecmascript@2.0.0","MIT","https://github.com/mathiasbynens/unicode-match-property-ecmascript"
"unicode-match-property-value-ecmascript@2.0.0","MIT","https://github.com/mathiasbynens/unicode-match-property-value-ecmascript"
"unicode-property-aliases-ecmascript@2.0.0","MIT","https://github.com/mathiasbynens/unicode-property-aliases-ecmascript"
"unique-filename@1.1.1","ISC","https://github.com/iarna/unique-filename"
"unique-slug@2.0.2","ISC","https://github.com/iarna/unique-slug"
"universalify@2.0.0","MIT","https://github.com/RyanZim/universalify"
"unpipe@1.0.0","MIT","https://github.com/stream-utils/unpipe"
"untildify@4.0.0","MIT","https://github.com/sindresorhus/untildify"
"uri-js@4.4.1","BSD-2-Clause","https://github.com/garycourt/uri-js"
"url@0.11.0","MIT","https://github.com/defunctzombie/node-url"
"util-deprecate@1.0.2","MIT","https://github.com/TooTallNate/util-deprecate"
"util-extend@1.0.3","MIT","https://github.com/isaacs/util-extend"
"utils-merge@1.0.1","MIT","https://github.com/jaredhanson/utils-merge"
"uuid@8.3.2","MIT","https://github.com/uuidjs/uuid"
"v8-compile-cache-lib@3.0.0","MIT","https://github.com/cspotcode/v8-compile-cache-lib"
"v8-compile-cache@2.3.0","MIT","https://github.com/zertosh/v8-compile-cache"
"validate-npm-package-license@3.0.4","Apache-2.0","https://github.com/kemitchell/validate-npm-package-license.js"
"validate-npm-package-name@3.0.0","ISC","https://github.com/npm/validate-npm-package-name"
"vary@1.1.2","MIT","https://github.com/jshttp/vary"
"verror@1.10.0","MIT","https://github.com/davepacheco/node-verror"
"void-elements@2.0.1","MIT","https://github.com/hemanth/void-elements"
"watchpack@2.3.1","MIT","https://github.com/webpack/watchpack"
"wbuf@1.7.3","MIT","https://github.com/indutny/wbuf"
"wcwidth@1.0.1","MIT","https://github.com/timoxley/wcwidth"
"webpack-dev-middleware@5.3.0","MIT","https://github.com/webpack/webpack-dev-middleware"
"webpack-dev-server@4.7.3","MIT","https://github.com/webpack/webpack-dev-server"
"webpack-merge@5.8.0","MIT","https://github.com/survivejs/webpack-merge"
"webpack-sources@3.2.3","MIT","https://github.com/webpack/webpack-sources"
"webpack-subresource-integrity@5.1.0","MIT","https://github.com/waysact/webpack-subresource-integrity"
"webpack@5.67.0","MIT","https://github.com/webpack/webpack"
"websocket-driver@0.7.4","Apache-2.0","https://github.com/faye/websocket-driver-node"
"websocket-extensions@0.1.4","Apache-2.0","https://github.com/faye/websocket-extensions-node"
"which@1.3.1","ISC","https://github.com/isaacs/node-which"
"which@2.0.2","ISC","https://github.com/isaacs/node-which"
"wide-align@1.1.5","ISC","https://github.com/iarna/wide-align"
"wildcard@2.0.0","MIT","https://github.com/DamonOehlman/wildcard"
"word-wrap@1.2.3","MIT","https://github.com/jonschlinkert/word-wrap"
"wrap-ansi@6.2.0","MIT","https://github.com/chalk/wrap-ansi"
"wrap-ansi@7.0.0","MIT","https://github.com/chalk/wrap-ansi"
"wrappy@1.0.2","ISC","https://github.com/npm/wrappy"
"ws@8.2.3","MIT","https://github.com/websockets/ws"
"xtend@4.0.2","MIT","https://github.com/Raynos/xtend"
"y18n@4.0.3","ISC","https://github.com/yargs/y18n"
"y18n@5.0.8","ISC","https://github.com/yargs/y18n"
"yallist@3.1.1","ISC","https://github.com/isaacs/yallist"
"yallist@4.0.0","ISC","https://github.com/isaacs/yallist"
"yaml@1.10.2","ISC","https://github.com/eemeli/yaml"
"yargs-parser@20.0.0","ISC","https://github.com/yargs/yargs-parser"
"yargs-parser@20.2.9","ISC","https://github.com/yargs/yargs-parser"
"yargs-parser@21.0.0","ISC","https://github.com/yargs/yargs-parser"
"yargs@16.2.0","MIT","https://github.com/yargs/yargs"
"yargs@17.3.1","MIT","https://github.com/yargs/yargs"
"yauzl@2.10.0","MIT","https://github.com/thejoshwolfe/yauzl"
"yn@3.1.1","MIT","https://github.com/sindresorhus/yn"
"zone.js@0.11.4","MIT","https://github.com/angular/angular"
